⚠️ The printQRInTerminal option has been deprecated. You will no longer receive QR codes in the terminal automatically. Please listen to the connection.update event yourself and handle the QR your way. You can remove this message by removing this opttion. This message will be removed in a future version.

============================
Hi, looks like you are running TensorFlow.js in Node.js. To speed things up dramatically, install our node backend, visit https://github.com/tensorflow/tfjs-node for more details. 
============================
⚠️ The printQRInTerminal option has been deprecated. You will no longer receive QR codes in the terminal automatically. Please listen to the connection.update event yourself and handle the QR your way. You can remove this message by removing this opttion. This message will be removed in a future version.

============================
Hi, looks like you are running TensorFlow.js in Node.js. To speed things up dramatically, install our node backend, visit https://github.com/tensorflow/tfjs-node for more details. 
============================

============================
Hi, looks like you are running TensorFlow.js in Node.js. To speed things up dramatically, install our node backend, visit https://github.com/tensorflow/tfjs-node for more details. 
============================

============================
Hi, looks like you are running TensorFlow.js in Node.js. To speed things up dramatically, install our node backend, visit https://github.com/tensorflow/tfjs-node for more details. 
============================

============================
Hi, looks like you are running TensorFlow.js in Node.js. To speed things up dramatically, install our node backend, visit https://github.com/tensorflow/tfjs-node for more details. 
============================
[31m[Nest] 409920  - [39m17/03/2026, 21.00.00 [31m  ERROR[39m [38;5;3m[AIService] [39m[31mFailed to save AI state: Cannot find any save handlers for URL 'file://D:\Billiard_APPS\backend\storage\ai\dqn_model'[39m
CRITICAL: Failed to save chat message: QueryFailedError: insert atau update pada table « chat_messages » menyalahin aturan foreign key « FK_fc6b58e41e9a871dacbe9077def »
    at PostgresQueryRunner.query (D:\Billiard_APPS\backend\src\driver\postgres\PostgresQueryRunner.ts:325:19)
    at processTicksAndRejections (node:internal/process/task_queues:105:5)
    at InsertQueryBuilder.execute (D:\Billiard_APPS\backend\src\query-builder\InsertQueryBuilder.ts:164:33)
    at SubjectExecutor.executeInsertOperations (D:\Billiard_APPS\backend\src\persistence\SubjectExecutor.ts:435:42)
    at SubjectExecutor.execute (D:\Billiard_APPS\backend\src\persistence\SubjectExecutor.ts:137:9)
    at EntityPersistExecutor.execute (D:\Billiard_APPS\backend\src\persistence\EntityPersistExecutor.ts:182:21)
    at ChatService.sendMessage (D:\Billiard_APPS\backend\src\chat\chat.service.ts:26:26)
    at CoachingService.coachHighOccupancyUpsell (D:\Billiard_APPS\backend\src\ai\coaching.service.ts:102:9)
    at async Promise.all (index 1)
    at CoachingService.runAutomatedCoaching (D:\Billiard_APPS\backend\src\ai\coaching.service.ts:62:5) {
  query: 'INSERT INTO "chat_messages"("senderId", "receiverId", "message", "timestamp", "isRead", "type", "readByUserId") VALUES ($1, $2, $3, DEFAULT, DEFAULT, $4, $5) RETURNING "id", "timestamp", "isRead", "type"',
  parameters: [
    0,
    3,
    '🔥 Restoran sedang ramai! Ini momen tepat untuk upselling minuman dingin atau cemilan cepat saji (Fast Bites). Ayo tingkatkan rata-rata struk!',
    'AI_COACH',
    '[0]'
  ],
  driverError: error: insert atau update pada table « chat_messages » menyalahin aturan foreign key « FK_fc6b58e41e9a871dacbe9077def »
      at D:\Billiard_APPS\backend\node_modules\pg\lib\client.js:624:17
      at processTicksAndRejections (node:internal/process/task_queues:105:5)
      at PostgresQueryRunner.query (D:\Billiard_APPS\backend\src\driver\postgres\PostgresQueryRunner.ts:254:25)
      at InsertQueryBuilder.execute (D:\Billiard_APPS\backend\src\query-builder\InsertQueryBuilder.ts:164:33)
      at SubjectExecutor.executeInsertOperations (D:\Billiard_APPS\backend\src\persistence\SubjectExecutor.ts:435:42)
      at SubjectExecutor.execute (D:\Billiard_APPS\backend\src\persistence\SubjectExecutor.ts:137:9)
      at EntityPersistExecutor.execute (D:\Billiard_APPS\backend\src\persistence\EntityPersistExecutor.ts:182:21)
      at ChatService.sendMessage (D:\Billiard_APPS\backend\src\chat\chat.service.ts:26:26)
      at CoachingService.coachHighOccupancyUpsell (D:\Billiard_APPS\backend\src\ai\coaching.service.ts:102:9)
      at async Promise.all (index 1) {
    length: 295,
    severity: 'ERROR',
    code: '23503',
    detail: 'Key (senderId)=(0) tidak ada dalam table « users ».',
    hint: undefined,
    position: undefined,
    internalPosition: undefined,
    internalQuery: undefined,
    where: undefined,
    schema: 'public',
    table: 'chat_messages',
    column: undefined,
    dataType: undefined,
    constraint: 'FK_fc6b58e41e9a871dacbe9077def',
    file: 'ri_triggers.c',
    line: '2783',
    routine: 'ri_ReportViolation'
  },
  length: 295,
  severity: 'ERROR',
  code: '23503',
  detail: 'Key (senderId)=(0) tidak ada dalam table « users ».',
  hint: undefined,
  position: undefined,
  internalPosition: undefined,
  internalQuery: undefined,
  where: undefined,
  schema: 'public',
  table: 'chat_messages',
  column: undefined,
  dataType: undefined,
  constraint: 'FK_fc6b58e41e9a871dacbe9077def',
  file: 'ri_triggers.c',
  line: '2783',
  routine: 'ri_ReportViolation'
}
[31m[Nest] 409920  - [39m17/03/2026, 21.00.00 [31m  ERROR[39m [38;5;3m[Scheduler] [39mQueryFailedError: insert atau update pada table « chat_messages » menyalahin aturan foreign key « FK_fc6b58e41e9a871dacbe9077def »
    at PostgresQueryRunner.query [90m(D:\Billiard_APPS\backend\[39msrc\driver\postgres\PostgresQueryRunner.ts:325:19[90m)[39m
[90m    at processTicksAndRejections (node:internal/process/task_queues:105:5)[39m
    at InsertQueryBuilder.execute [90m(D:\Billiard_APPS\backend\[39msrc\query-builder\InsertQueryBuilder.ts:164:33[90m)[39m
    at SubjectExecutor.executeInsertOperations [90m(D:\Billiard_APPS\backend\[39msrc\persistence\SubjectExecutor.ts:435:42[90m)[39m
    at SubjectExecutor.execute [90m(D:\Billiard_APPS\backend\[39msrc\persistence\SubjectExecutor.ts:137:9[90m)[39m
    at EntityPersistExecutor.execute [90m(D:\Billiard_APPS\backend\[39msrc\persistence\EntityPersistExecutor.ts:182:21[90m)[39m
    at ChatService.sendMessage [90m(D:\Billiard_APPS\backend\[39msrc\chat\chat.service.ts:26:26[90m)[39m
    at CoachingService.coachHighOccupancyUpsell [90m(D:\Billiard_APPS\backend\[39msrc\ai\coaching.service.ts:102:9[90m)[39m
    at async Promise.all (index 1)
    at CoachingService.runAutomatedCoaching [90m(D:\Billiard_APPS\backend\[39msrc\ai\coaching.service.ts:62:5[90m)[39m {
  query: [32m'INSERT INTO "chat_messages"("senderId", "receiverId", "message", "timestamp", "isRead", "type", "readByUserId") VALUES ($1, $2, $3, DEFAULT, DEFAULT, $4, $5) RETURNING "id", "timestamp", "isRead", "type"'[39m,
  parameters: [
    [33m0[39m,
    [33m3[39m,
    [32m'🔥 Restoran sedang ramai! Ini momen tepat untuk upselling minuman dingin atau cemilan cepat saji (Fast Bites). Ayo tingkatkan rata-rata struk!'[39m,
    [32m'AI_COACH'[39m,
    [32m'[0]'[39m
  ],
  driverError: error: insert atau update pada table « chat_messages » menyalahin aturan foreign key « FK_fc6b58e41e9a871dacbe9077def »
      at [90mD:\Billiard_APPS\backend\[39mnode_modules\[4mpg[24m\lib\client.js:624:17
  [90m    at processTicksAndRejections (node:internal/process/task_queues:105:5)[39m
      at PostgresQueryRunner.query [90m(D:\Billiard_APPS\backend\[39msrc\driver\postgres\PostgresQueryRunner.ts:254:25[90m)[39m
      at InsertQueryBuilder.execute [90m(D:\Billiard_APPS\backend\[39msrc\query-builder\InsertQueryBuilder.ts:164:33[90m)[39m
      at SubjectExecutor.executeInsertOperations [90m(D:\Billiard_APPS\backend\[39msrc\persistence\SubjectExecutor.ts:435:42[90m)[39m
      at SubjectExecutor.execute [90m(D:\Billiard_APPS\backend\[39msrc\persistence\SubjectExecutor.ts:137:9[90m)[39m
      at EntityPersistExecutor.execute [90m(D:\Billiard_APPS\backend\[39msrc\persistence\EntityPersistExecutor.ts:182:21[90m)[39m
      at ChatService.sendMessage [90m(D:\Billiard_APPS\backend\[39msrc\chat\chat.service.ts:26:26[90m)[39m
      at CoachingService.coachHighOccupancyUpsell [90m(D:\Billiard_APPS\backend\[39msrc\ai\coaching.service.ts:102:9[90m)[39m
      at async Promise.all (index 1) {
    length: [33m295[39m,
    severity: [32m'ERROR'[39m,
    code: [32m'23503'[39m,
    detail: [32m'Key (senderId)=(0) tidak ada dalam table « users ».'[39m,
    hint: [90mundefined[39m,
    position: [90mundefined[39m,
    internalPosition: [90mundefined[39m,
    internalQuery: [90mundefined[39m,
    where: [90mundefined[39m,
    schema: [32m'public'[39m,
    table: [32m'chat_messages'[39m,
    column: [90mundefined[39m,
    dataType: [90mundefined[39m,
    constraint: [32m'FK_fc6b58e41e9a871dacbe9077def'[39m,
    file: [32m'ri_triggers.c'[39m,
    line: [32m'2783'[39m,
    routine: [32m'ri_ReportViolation'[39m
  },
  length: [33m295[39m,
  severity: [32m'ERROR'[39m,
  code: [32m'23503'[39m,
  detail: [32m'Key (senderId)=(0) tidak ada dalam table « users ».'[39m,
  hint: [90mundefined[39m,
  position: [90mundefined[39m,
  internalPosition: [90mundefined[39m,
  internalQuery: [90mundefined[39m,
  where: [90mundefined[39m,
  schema: [32m'public'[39m,
  table: [32m'chat_messages'[39m,
  column: [90mundefined[39m,
  dataType: [90mundefined[39m,
  constraint: [32m'FK_fc6b58e41e9a871dacbe9077def'[39m,
  file: [32m'ri_triggers.c'[39m,
  line: [32m'2783'[39m,
  routine: [32m'ri_ReportViolation'[39m
}
CRITICAL: Failed to save chat message: QueryFailedError: insert atau update pada table « chat_messages » menyalahin aturan foreign key « FK_fc6b58e41e9a871dacbe9077def »
    at PostgresQueryRunner.query (D:\Billiard_APPS\backend\src\driver\postgres\PostgresQueryRunner.ts:325:19)
    at processTicksAndRejections (node:internal/process/task_queues:105:5)
    at InsertQueryBuilder.execute (D:\Billiard_APPS\backend\src\query-builder\InsertQueryBuilder.ts:164:33)
    at SubjectExecutor.executeInsertOperations (D:\Billiard_APPS\backend\src\persistence\SubjectExecutor.ts:435:42)
    at SubjectExecutor.execute (D:\Billiard_APPS\backend\src\persistence\SubjectExecutor.ts:137:9)
    at EntityPersistExecutor.execute (D:\Billiard_APPS\backend\src\persistence\EntityPersistExecutor.ts:182:21)
    at ChatService.sendMessage (D:\Billiard_APPS\backend\src\chat\chat.service.ts:26:26)
    at CoachingService.coachLowPerformanceWaiters (D:\Billiard_APPS\backend\src\ai\coaching.service.ts:87:9)
    at async Promise.all (index 0)
    at CoachingService.runAutomatedCoaching (D:\Billiard_APPS\backend\src\ai\coaching.service.ts:62:5) {
  query: 'INSERT INTO "chat_messages"("senderId", "receiverId", "message", "timestamp", "isRead", "type", "readByUserId") VALUES ($1, $2, $3, DEFAULT, DEFAULT, $4, $5) RETURNING "id", "timestamp", "isRead", "type"',
  parameters: [
    0,
    5,
    "Halo caca, AI mendeteksi ROI-mu sedikit di bawah rata-rata hari ini. Coba tawarkan menu 'Best Seller' atau paket Billiard tambahan ke pelanggan di mejamu ya! Semangat! 💪",
    'AI_COACH',
    '[0]'
  ],
  driverError: error: insert atau update pada table « chat_messages » menyalahin aturan foreign key « FK_fc6b58e41e9a871dacbe9077def »
      at D:\Billiard_APPS\backend\node_modules\pg\lib\client.js:624:17
      at processTicksAndRejections (node:internal/process/task_queues:105:5)
      at PostgresQueryRunner.query (D:\Billiard_APPS\backend\src\driver\postgres\PostgresQueryRunner.ts:254:25)
      at InsertQueryBuilder.execute (D:\Billiard_APPS\backend\src\query-builder\InsertQueryBuilder.ts:164:33)
      at SubjectExecutor.executeInsertOperations (D:\Billiard_APPS\backend\src\persistence\SubjectExecutor.ts:435:42)
      at SubjectExecutor.execute (D:\Billiard_APPS\backend\src\persistence\SubjectExecutor.ts:137:9)
      at EntityPersistExecutor.execute (D:\Billiard_APPS\backend\src\persistence\EntityPersistExecutor.ts:182:21)
      at ChatService.sendMessage (D:\Billiard_APPS\backend\src\chat\chat.service.ts:26:26)
      at CoachingService.coachLowPerformanceWaiters (D:\Billiard_APPS\backend\src\ai\coaching.service.ts:87:9)
      at async Promise.all (index 0) {
    length: 295,
    severity: 'ERROR',
    code: '23503',
    detail: 'Key (senderId)=(0) tidak ada dalam table « users ».',
    hint: undefined,
    position: undefined,
    internalPosition: undefined,
    internalQuery: undefined,
    where: undefined,
    schema: 'public',
    table: 'chat_messages',
    column: undefined,
    dataType: undefined,
    constraint: 'FK_fc6b58e41e9a871dacbe9077def',
    file: 'ri_triggers.c',
    line: '2783',
    routine: 'ri_ReportViolation'
  },
  length: 295,
  severity: 'ERROR',
  code: '23503',
  detail: 'Key (senderId)=(0) tidak ada dalam table « users ».',
  hint: undefined,
  position: undefined,
  internalPosition: undefined,
  internalQuery: undefined,
  where: undefined,
  schema: 'public',
  table: 'chat_messages',
  column: undefined,
  dataType: undefined,
  constraint: 'FK_fc6b58e41e9a871dacbe9077def',
  file: 'ri_triggers.c',
  line: '2783',
  routine: 'ri_ReportViolation'
}

============================
Hi, looks like you are running TensorFlow.js in Node.js. To speed things up dramatically, install our node backend, visit https://github.com/tensorflow/tfjs-node for more details. 
============================
!!! EXCEPTION CAUGHT !!! [POST] /ai/prompt/1773757694393/acknowledge
Status: 500, Message: value "1773757694393" is out of range for type integer
QueryFailedError: value "1773757694393" is out of range for type integer
    at PostgresQueryRunner.query (D:\Billiard_APPS\backend\src\driver\postgres\PostgresQueryRunner.ts:325:19)
    at processTicksAndRejections (node:internal/process/task_queues:105:5)
    at SelectQueryBuilder.loadRawResults (D:\Billiard_APPS\backend\src\query-builder\SelectQueryBuilder.ts:3868:25)
    at SelectQueryBuilder.executeEntitiesAndRawResults (D:\Billiard_APPS\backend\src\query-builder\SelectQueryBuilder.ts:3614:26)
    at SelectQueryBuilder.getRawAndEntities (D:\Billiard_APPS\backend\src\query-builder\SelectQueryBuilder.ts:1671:29)
    at SelectQueryBuilder.getOne (D:\Billiard_APPS\backend\src\query-builder\SelectQueryBuilder.ts:1698:25)
    at AIService.acknowledgePrompt (D:\Billiard_APPS\backend\src\ai\ai.service.ts:1314:20)
    at D:\Billiard_APPS\backend\node_modules\@nestjs\core\router\router-execution-context.js:46:28
    at D:\Billiard_APPS\backend\node_modules\@nestjs\core\router\router-proxy.js:9:17
[31m[Nest] 414888  - [39m17/03/2026, 21.28.15 [31m  ERROR[39m [38;5;3m[AllExceptionsFilter] [39m[31m[POST] /ai/prompt/1773757694393/acknowledge - Status: 500 - Error: value "1773757694393" is out of range for type integer[39m
QueryFailedError: value "1773757694393" is out of range for type integer
    at PostgresQueryRunner.query (D:\Billiard_APPS\backend\src\driver\postgres\PostgresQueryRunner.ts:325:19)
    at processTicksAndRejections (node:internal/process/task_queues:105:5)
    at SelectQueryBuilder.loadRawResults (D:\Billiard_APPS\backend\src\query-builder\SelectQueryBuilder.ts:3868:25)
    at SelectQueryBuilder.executeEntitiesAndRawResults (D:\Billiard_APPS\backend\src\query-builder\SelectQueryBuilder.ts:3614:26)
    at SelectQueryBuilder.getRawAndEntities (D:\Billiard_APPS\backend\src\query-builder\SelectQueryBuilder.ts:1671:29)
    at SelectQueryBuilder.getOne (D:\Billiard_APPS\backend\src\query-builder\SelectQueryBuilder.ts:1698:25)
    at AIService.acknowledgePrompt (D:\Billiard_APPS\backend\src\ai\ai.service.ts:1314:20)
    at D:\Billiard_APPS\backend\node_modules\@nestjs\core\router\router-execution-context.js:46:28
    at D:\Billiard_APPS\backend\node_modules\@nestjs\core\router\router-proxy.js:9:17
!!! EXCEPTION CAUGHT !!! [POST] /ai/prompt/1773757693611/acknowledge
Status: 500, Message: value "1773757693611" is out of range for type integer
QueryFailedError: value "1773757693611" is out of range for type integer
    at PostgresQueryRunner.query (D:\Billiard_APPS\backend\src\driver\postgres\PostgresQueryRunner.ts:325:19)
    at processTicksAndRejections (node:internal/process/task_queues:105:5)
    at SelectQueryBuilder.loadRawResults (D:\Billiard_APPS\backend\src\query-builder\SelectQueryBuilder.ts:3868:25)
    at SelectQueryBuilder.executeEntitiesAndRawResults (D:\Billiard_APPS\backend\src\query-builder\SelectQueryBuilder.ts:3614:26)
    at SelectQueryBuilder.getRawAndEntities (D:\Billiard_APPS\backend\src\query-builder\SelectQueryBuilder.ts:1671:29)
    at SelectQueryBuilder.getOne (D:\Billiard_APPS\backend\src\query-builder\SelectQueryBuilder.ts:1698:25)
    at AIService.acknowledgePrompt (D:\Billiard_APPS\backend\src\ai\ai.service.ts:1314:20)
    at D:\Billiard_APPS\backend\node_modules\@nestjs\core\router\router-execution-context.js:46:28
    at D:\Billiard_APPS\backend\node_modules\@nestjs\core\router\router-proxy.js:9:17
[31m[Nest] 414888  - [39m17/03/2026, 21.28.18 [31m  ERROR[39m [38;5;3m[AllExceptionsFilter] [39m[31m[POST] /ai/prompt/1773757693611/acknowledge - Status: 500 - Error: value "1773757693611" is out of range for type integer[39m
QueryFailedError: value "1773757693611" is out of range for type integer
    at PostgresQueryRunner.query (D:\Billiard_APPS\backend\src\driver\postgres\PostgresQueryRunner.ts:325:19)
    at processTicksAndRejections (node:internal/process/task_queues:105:5)
    at SelectQueryBuilder.loadRawResults (D:\Billiard_APPS\backend\src\query-builder\SelectQueryBuilder.ts:3868:25)
    at SelectQueryBuilder.executeEntitiesAndRawResults (D:\Billiard_APPS\backend\src\query-builder\SelectQueryBuilder.ts:3614:26)
    at SelectQueryBuilder.getRawAndEntities (D:\Billiard_APPS\backend\src\query-builder\SelectQueryBuilder.ts:1671:29)
    at SelectQueryBuilder.getOne (D:\Billiard_APPS\backend\src\query-builder\SelectQueryBuilder.ts:1698:25)
    at AIService.acknowledgePrompt (D:\Billiard_APPS\backend\src\ai\ai.service.ts:1314:20)
    at D:\Billiard_APPS\backend\node_modules\@nestjs\core\router\router-execution-context.js:46:28
    at D:\Billiard_APPS\backend\node_modules\@nestjs\core\router\router-proxy.js:9:17
!!! EXCEPTION CAUGHT !!! [POST] /ai/prompt/1773757725865/acknowledge
Status: 500, Message: value "1773757725865" is out of range for type integer
QueryFailedError: value "1773757725865" is out of range for type integer
    at PostgresQueryRunner.query (D:\Billiard_APPS\backend\src\driver\postgres\PostgresQueryRunner.ts:325:19)
    at processTicksAndRejections (node:internal/process/task_queues:105:5)
    at SelectQueryBuilder.loadRawResults (D:\Billiard_APPS\backend\src\query-builder\SelectQueryBuilder.ts:3868:25)
    at SelectQueryBuilder.executeEntitiesAndRawResults (D:\Billiard_APPS\backend\src\query-builder\SelectQueryBuilder.ts:3614:26)
    at SelectQueryBuilder.getRawAndEntities (D:\Billiard_APPS\backend\src\query-builder\SelectQueryBuilder.ts:1671:29)
    at SelectQueryBuilder.getOne (D:\Billiard_APPS\backend\src\query-builder\SelectQueryBuilder.ts:1698:25)
    at AIService.acknowledgePrompt (D:\Billiard_APPS\backend\src\ai\ai.service.ts:1314:20)
    at D:\Billiard_APPS\backend\node_modules\@nestjs\core\router\router-execution-context.js:46:28
    at D:\Billiard_APPS\backend\node_modules\@nestjs\core\router\router-proxy.js:9:17
[31m[Nest] 414888  - [39m17/03/2026, 21.28.46 [31m  ERROR[39m [38;5;3m[AllExceptionsFilter] [39m[31m[POST] /ai/prompt/1773757725865/acknowledge - Status: 500 - Error: value "1773757725865" is out of range for type integer[39m
QueryFailedError: value "1773757725865" is out of range for type integer
    at PostgresQueryRunner.query (D:\Billiard_APPS\backend\src\driver\postgres\PostgresQueryRunner.ts:325:19)
    at processTicksAndRejections (node:internal/process/task_queues:105:5)
    at SelectQueryBuilder.loadRawResults (D:\Billiard_APPS\backend\src\query-builder\SelectQueryBuilder.ts:3868:25)
    at SelectQueryBuilder.executeEntitiesAndRawResults (D:\Billiard_APPS\backend\src\query-builder\SelectQueryBuilder.ts:3614:26)
    at SelectQueryBuilder.getRawAndEntities (D:\Billiard_APPS\backend\src\query-builder\SelectQueryBuilder.ts:1671:29)
    at SelectQueryBuilder.getOne (D:\Billiard_APPS\backend\src\query-builder\SelectQueryBuilder.ts:1698:25)
    at AIService.acknowledgePrompt (D:\Billiard_APPS\backend\src\ai\ai.service.ts:1314:20)
    at D:\Billiard_APPS\backend\node_modules\@nestjs\core\router\router-execution-context.js:46:28
    at D:\Billiard_APPS\backend\node_modules\@nestjs\core\router\router-proxy.js:9:17
!!! EXCEPTION CAUGHT !!! [POST] /ai/prompt/1773757725252/acknowledge
Status: 500, Message: value "1773757725252" is out of range for type integer
QueryFailedError: value "1773757725252" is out of range for type integer
    at PostgresQueryRunner.query (D:\Billiard_APPS\backend\src\driver\postgres\PostgresQueryRunner.ts:325:19)
    at processTicksAndRejections (node:internal/process/task_queues:105:5)
    at SelectQueryBuilder.loadRawResults (D:\Billiard_APPS\backend\src\query-builder\SelectQueryBuilder.ts:3868:25)
    at SelectQueryBuilder.executeEntitiesAndRawResults (D:\Billiard_APPS\backend\src\query-builder\SelectQueryBuilder.ts:3614:26)
    at SelectQueryBuilder.getRawAndEntities (D:\Billiard_APPS\backend\src\query-builder\SelectQueryBuilder.ts:1671:29)
    at SelectQueryBuilder.getOne (D:\Billiard_APPS\backend\src\query-builder\SelectQueryBuilder.ts:1698:25)
    at AIService.acknowledgePrompt (D:\Billiard_APPS\backend\src\ai\ai.service.ts:1314:20)
    at D:\Billiard_APPS\backend\node_modules\@nestjs\core\router\router-execution-context.js:46:28
    at D:\Billiard_APPS\backend\node_modules\@nestjs\core\router\router-proxy.js:9:17
[31m[Nest] 414888  - [39m17/03/2026, 21.28.49 [31m  ERROR[39m [38;5;3m[AllExceptionsFilter] [39m[31m[POST] /ai/prompt/1773757725252/acknowledge - Status: 500 - Error: value "1773757725252" is out of range for type integer[39m
QueryFailedError: value "1773757725252" is out of range for type integer
    at PostgresQueryRunner.query (D:\Billiard_APPS\backend\src\driver\postgres\PostgresQueryRunner.ts:325:19)
    at processTicksAndRejections (node:internal/process/task_queues:105:5)
    at SelectQueryBuilder.loadRawResults (D:\Billiard_APPS\backend\src\query-builder\SelectQueryBuilder.ts:3868:25)
    at SelectQueryBuilder.executeEntitiesAndRawResults (D:\Billiard_APPS\backend\src\query-builder\SelectQueryBuilder.ts:3614:26)
    at SelectQueryBuilder.getRawAndEntities (D:\Billiard_APPS\backend\src\query-builder\SelectQueryBuilder.ts:1671:29)
    at SelectQueryBuilder.getOne (D:\Billiard_APPS\backend\src\query-builder\SelectQueryBuilder.ts:1698:25)
    at AIService.acknowledgePrompt (D:\Billiard_APPS\backend\src\ai\ai.service.ts:1314:20)
    at D:\Billiard_APPS\backend\node_modules\@nestjs\core\router\router-execution-context.js:46:28
    at D:\Billiard_APPS\backend\node_modules\@nestjs\core\router\router-proxy.js:9:17
CRITICAL: Failed to save chat message: QueryFailedError: insert atau update pada table « chat_messages » menyalahin aturan foreign key « FK_fc6b58e41e9a871dacbe9077def »
    at PostgresQueryRunner.query (D:\Billiard_APPS\backend\src\driver\postgres\PostgresQueryRunner.ts:325:19)
    at processTicksAndRejections (node:internal/process/task_queues:105:5)
    at InsertQueryBuilder.execute (D:\Billiard_APPS\backend\src\query-builder\InsertQueryBuilder.ts:164:33)
    at SubjectExecutor.executeInsertOperations (D:\Billiard_APPS\backend\src\persistence\SubjectExecutor.ts:435:42)
    at SubjectExecutor.execute (D:\Billiard_APPS\backend\src\persistence\SubjectExecutor.ts:137:9)
    at EntityPersistExecutor.execute (D:\Billiard_APPS\backend\src\persistence\EntityPersistExecutor.ts:182:21)
    at ChatService.sendMessage (D:\Billiard_APPS\backend\src\chat\chat.service.ts:26:26)
    at CoachingService.coachLowPerformanceWaiters (D:\Billiard_APPS\backend\src\ai\coaching.service.ts:87:9)
    at async Promise.all (index 0)
    at CoachingService.runAutomatedCoaching (D:\Billiard_APPS\backend\src\ai\coaching.service.ts:62:5) {
  query: 'INSERT INTO "chat_messages"("senderId", "receiverId", "message", "timestamp", "isRead", "type", "readByUserId") VALUES ($1, $2, $3, DEFAULT, DEFAULT, $4, $5) RETURNING "id", "timestamp", "isRead", "type"',
  parameters: [
    0,
    5,
    "Halo caca, AI mendeteksi ROI-mu sedikit di bawah rata-rata hari ini. Coba tawarkan menu 'Best Seller' atau paket Billiard tambahan ke pelanggan di mejamu ya! Semangat! 💪",
    'AI_COACH',
    '[0]'
  ],
  driverError: error: insert atau update pada table « chat_messages » menyalahin aturan foreign key « FK_fc6b58e41e9a871dacbe9077def »
      at D:\Billiard_APPS\backend\node_modules\pg\lib\client.js:624:17
      at processTicksAndRejections (node:internal/process/task_queues:105:5)
      at PostgresQueryRunner.query (D:\Billiard_APPS\backend\src\driver\postgres\PostgresQueryRunner.ts:254:25)
      at InsertQueryBuilder.execute (D:\Billiard_APPS\backend\src\query-builder\InsertQueryBuilder.ts:164:33)
      at SubjectExecutor.executeInsertOperations (D:\Billiard_APPS\backend\src\persistence\SubjectExecutor.ts:435:42)
      at SubjectExecutor.execute (D:\Billiard_APPS\backend\src\persistence\SubjectExecutor.ts:137:9)
      at EntityPersistExecutor.execute (D:\Billiard_APPS\backend\src\persistence\EntityPersistExecutor.ts:182:21)
      at ChatService.sendMessage (D:\Billiard_APPS\backend\src\chat\chat.service.ts:26:26)
      at CoachingService.coachLowPerformanceWaiters (D:\Billiard_APPS\backend\src\ai\coaching.service.ts:87:9)
      at async Promise.all (index 0) {
    length: 295,
    severity: 'ERROR',
    code: '23503',
    detail: 'Key (senderId)=(0) tidak ada dalam table « users ».',
    hint: undefined,
    position: undefined,
    internalPosition: undefined,
    internalQuery: undefined,
    where: undefined,
    schema: 'public',
    table: 'chat_messages',
    column: undefined,
    dataType: undefined,
    constraint: 'FK_fc6b58e41e9a871dacbe9077def',
    file: 'ri_triggers.c',
    line: '2783',
    routine: 'ri_ReportViolation'
  },
  length: 295,
  severity: 'ERROR',
  code: '23503',
  detail: 'Key (senderId)=(0) tidak ada dalam table « users ».',
  hint: undefined,
  position: undefined,
  internalPosition: undefined,
  internalQuery: undefined,
  where: undefined,
  schema: 'public',
  table: 'chat_messages',
  column: undefined,
  dataType: undefined,
  constraint: 'FK_fc6b58e41e9a871dacbe9077def',
  file: 'ri_triggers.c',
  line: '2783',
  routine: 'ri_ReportViolation'
}
[31m[Nest] 414888  - [39m17/03/2026, 21.30.00 [31m  ERROR[39m [38;5;3m[Scheduler] [39mQueryFailedError: insert atau update pada table « chat_messages » menyalahin aturan foreign key « FK_fc6b58e41e9a871dacbe9077def »
    at PostgresQueryRunner.query [90m(D:\Billiard_APPS\backend\[39msrc\driver\postgres\PostgresQueryRunner.ts:325:19[90m)[39m
[90m    at processTicksAndRejections (node:internal/process/task_queues:105:5)[39m
    at InsertQueryBuilder.execute [90m(D:\Billiard_APPS\backend\[39msrc\query-builder\InsertQueryBuilder.ts:164:33[90m)[39m
    at SubjectExecutor.executeInsertOperations [90m(D:\Billiard_APPS\backend\[39msrc\persistence\SubjectExecutor.ts:435:42[90m)[39m
    at SubjectExecutor.execute [90m(D:\Billiard_APPS\backend\[39msrc\persistence\SubjectExecutor.ts:137:9[90m)[39m
    at EntityPersistExecutor.execute [90m(D:\Billiard_APPS\backend\[39msrc\persistence\EntityPersistExecutor.ts:182:21[90m)[39m
    at ChatService.sendMessage [90m(D:\Billiard_APPS\backend\[39msrc\chat\chat.service.ts:26:26[90m)[39m
    at CoachingService.coachLowPerformanceWaiters [90m(D:\Billiard_APPS\backend\[39msrc\ai\coaching.service.ts:87:9[90m)[39m
    at async Promise.all (index 0)
    at CoachingService.runAutomatedCoaching [90m(D:\Billiard_APPS\backend\[39msrc\ai\coaching.service.ts:62:5[90m)[39m {
  query: [32m'INSERT INTO "chat_messages"("senderId", "receiverId", "message", "timestamp", "isRead", "type", "readByUserId") VALUES ($1, $2, $3, DEFAULT, DEFAULT, $4, $5) RETURNING "id", "timestamp", "isRead", "type"'[39m,
  parameters: [
    [33m0[39m,
    [33m5[39m,
    [32m"Halo caca, AI mendeteksi ROI-mu sedikit di bawah rata-rata hari ini. Coba tawarkan menu 'Best Seller' atau paket Billiard tambahan ke pelanggan di mejamu ya! Semangat! 💪"[39m,
    [32m'AI_COACH'[39m,
    [32m'[0]'[39m
  ],
  driverError: error: insert atau update pada table « chat_messages » menyalahin aturan foreign key « FK_fc6b58e41e9a871dacbe9077def »
      at [90mD:\Billiard_APPS\backend\[39mnode_modules\[4mpg[24m\lib\client.js:624:17
  [90m    at processTicksAndRejections (node:internal/process/task_queues:105:5)[39m
      at PostgresQueryRunner.query [90m(D:\Billiard_APPS\backend\[39msrc\driver\postgres\PostgresQueryRunner.ts:254:25[90m)[39m
      at InsertQueryBuilder.execute [90m(D:\Billiard_APPS\backend\[39msrc\query-builder\InsertQueryBuilder.ts:164:33[90m)[39m
      at SubjectExecutor.executeInsertOperations [90m(D:\Billiard_APPS\backend\[39msrc\persistence\SubjectExecutor.ts:435:42[90m)[39m
      at SubjectExecutor.execute [90m(D:\Billiard_APPS\backend\[39msrc\persistence\SubjectExecutor.ts:137:9[90m)[39m
      at EntityPersistExecutor.execute [90m(D:\Billiard_APPS\backend\[39msrc\persistence\EntityPersistExecutor.ts:182:21[90m)[39m
      at ChatService.sendMessage [90m(D:\Billiard_APPS\backend\[39msrc\chat\chat.service.ts:26:26[90m)[39m
      at CoachingService.coachLowPerformanceWaiters [90m(D:\Billiard_APPS\backend\[39msrc\ai\coaching.service.ts:87:9[90m)[39m
      at async Promise.all (index 0) {
    length: [33m295[39m,
    severity: [32m'ERROR'[39m,
    code: [32m'23503'[39m,
    detail: [32m'Key (senderId)=(0) tidak ada dalam table « users ».'[39m,
    hint: [90mundefined[39m,
    position: [90mundefined[39m,
    internalPosition: [90mundefined[39m,
    internalQuery: [90mundefined[39m,
    where: [90mundefined[39m,
    schema: [32m'public'[39m,
    table: [32m'chat_messages'[39m,
    column: [90mundefined[39m,
    dataType: [90mundefined[39m,
    constraint: [32m'FK_fc6b58e41e9a871dacbe9077def'[39m,
    file: [32m'ri_triggers.c'[39m,
    line: [32m'2783'[39m,
    routine: [32m'ri_ReportViolation'[39m
  },
  length: [33m295[39m,
  severity: [32m'ERROR'[39m,
  code: [32m'23503'[39m,
  detail: [32m'Key (senderId)=(0) tidak ada dalam table « users ».'[39m,
  hint: [90mundefined[39m,
  position: [90mundefined[39m,
  internalPosition: [90mundefined[39m,
  internalQuery: [90mundefined[39m,
  where: [90mundefined[39m,
  schema: [32m'public'[39m,
  table: [32m'chat_messages'[39m,
  column: [90mundefined[39m,
  dataType: [90mundefined[39m,
  constraint: [32m'FK_fc6b58e41e9a871dacbe9077def'[39m,
  file: [32m'ri_triggers.c'[39m,
  line: [32m'2783'[39m,
  routine: [32m'ri_ReportViolation'[39m
}
CRITICAL: Failed to save chat message: QueryFailedError: insert atau update pada table « chat_messages » menyalahin aturan foreign key « FK_fc6b58e41e9a871dacbe9077def »
    at PostgresQueryRunner.query (D:\Billiard_APPS\backend\src\driver\postgres\PostgresQueryRunner.ts:325:19)
    at processTicksAndRejections (node:internal/process/task_queues:105:5)
    at InsertQueryBuilder.execute (D:\Billiard_APPS\backend\src\query-builder\InsertQueryBuilder.ts:164:33)
    at SubjectExecutor.executeInsertOperations (D:\Billiard_APPS\backend\src\persistence\SubjectExecutor.ts:435:42)
    at SubjectExecutor.execute (D:\Billiard_APPS\backend\src\persistence\SubjectExecutor.ts:137:9)
    at EntityPersistExecutor.execute (D:\Billiard_APPS\backend\src\persistence\EntityPersistExecutor.ts:182:21)
    at ChatService.sendMessage (D:\Billiard_APPS\backend\src\chat\chat.service.ts:26:26)
    at CoachingService.coachHighOccupancyUpsell (D:\Billiard_APPS\backend\src\ai\coaching.service.ts:102:9)
    at async Promise.all (index 1)
    at CoachingService.runAutomatedCoaching (D:\Billiard_APPS\backend\src\ai\coaching.service.ts:62:5) {
  query: 'INSERT INTO "chat_messages"("senderId", "receiverId", "message", "timestamp", "isRead", "type", "readByUserId") VALUES ($1, $2, $3, DEFAULT, DEFAULT, $4, $5) RETURNING "id", "timestamp", "isRead", "type"',
  parameters: [
    0,
    3,
    '🔥 Restoran sedang ramai! Ini momen tepat untuk upselling minuman dingin atau cemilan cepat saji (Fast Bites). Ayo tingkatkan rata-rata struk!',
    'AI_COACH',
    '[0]'
  ],
  driverError: error: insert atau update pada table « chat_messages » menyalahin aturan foreign key « FK_fc6b58e41e9a871dacbe9077def »
      at D:\Billiard_APPS\backend\node_modules\pg\lib\client.js:624:17
      at processTicksAndRejections (node:internal/process/task_queues:105:5)
      at PostgresQueryRunner.query (D:\Billiard_APPS\backend\src\driver\postgres\PostgresQueryRunner.ts:254:25)
      at InsertQueryBuilder.execute (D:\Billiard_APPS\backend\src\query-builder\InsertQueryBuilder.ts:164:33)
      at SubjectExecutor.executeInsertOperations (D:\Billiard_APPS\backend\src\persistence\SubjectExecutor.ts:435:42)
      at SubjectExecutor.execute (D:\Billiard_APPS\backend\src\persistence\SubjectExecutor.ts:137:9)
      at EntityPersistExecutor.execute (D:\Billiard_APPS\backend\src\persistence\EntityPersistExecutor.ts:182:21)
      at ChatService.sendMessage (D:\Billiard_APPS\backend\src\chat\chat.service.ts:26:26)
      at CoachingService.coachHighOccupancyUpsell (D:\Billiard_APPS\backend\src\ai\coaching.service.ts:102:9)
      at async Promise.all (index 1) {
    length: 295,
    severity: 'ERROR',
    code: '23503',
    detail: 'Key (senderId)=(0) tidak ada dalam table « users ».',
    hint: undefined,
    position: undefined,
    internalPosition: undefined,
    internalQuery: undefined,
    where: undefined,
    schema: 'public',
    table: 'chat_messages',
    column: undefined,
    dataType: undefined,
    constraint: 'FK_fc6b58e41e9a871dacbe9077def',
    file: 'ri_triggers.c',
    line: '2783',
    routine: 'ri_ReportViolation'
  },
  length: 295,
  severity: 'ERROR',
  code: '23503',
  detail: 'Key (senderId)=(0) tidak ada dalam table « users ».',
  hint: undefined,
  position: undefined,
  internalPosition: undefined,
  internalQuery: undefined,
  where: undefined,
  schema: 'public',
  table: 'chat_messages',
  column: undefined,
  dataType: undefined,
  constraint: 'FK_fc6b58e41e9a871dacbe9077def',
  file: 'ri_triggers.c',
  line: '2783',
  routine: 'ri_ReportViolation'
}
[31m[Nest] 414888  - [39m17/03/2026, 21.33.49 [31m  ERROR[39m [38;5;3m[CafeService] [39m[31mAI Combo Suggestion Error: sintaks masukan tidak valid untuk tipe integer : « menu_3 »[39m
[31m[Nest] 414888  - [39m17/03/2026, 21.33.49 [31m  ERROR[39m [38;5;3m[CafeService] [39m[31mAI Combo Suggestion Error: sintaks masukan tidak valid untuk tipe integer : « menu_4 »[39m
!!! EXCEPTION CAUGHT !!! [POST] /ai/prompt/1773758029900/acknowledge
Status: 500, Message: value "1773758029900" is out of range for type integer
QueryFailedError: value "1773758029900" is out of range for type integer
    at PostgresQueryRunner.query (D:\Billiard_APPS\backend\src\driver\postgres\PostgresQueryRunner.ts:325:19)
    at processTicksAndRejections (node:internal/process/task_queues:105:5)
    at SelectQueryBuilder.loadRawResults (D:\Billiard_APPS\backend\src\query-builder\SelectQueryBuilder.ts:3868:25)
    at SelectQueryBuilder.executeEntitiesAndRawResults (D:\Billiard_APPS\backend\src\query-builder\SelectQueryBuilder.ts:3614:26)
    at SelectQueryBuilder.getRawAndEntities (D:\Billiard_APPS\backend\src\query-builder\SelectQueryBuilder.ts:1671:29)
    at SelectQueryBuilder.getOne (D:\Billiard_APPS\backend\src\query-builder\SelectQueryBuilder.ts:1698:25)
    at AIService.acknowledgePrompt (D:\Billiard_APPS\backend\src\ai\ai.service.ts:1314:20)
    at D:\Billiard_APPS\backend\node_modules\@nestjs\core\router\router-execution-context.js:46:28
    at D:\Billiard_APPS\backend\node_modules\@nestjs\core\router\router-proxy.js:9:17
[31m[Nest] 414888  - [39m17/03/2026, 21.33.50 [31m  ERROR[39m [38;5;3m[AllExceptionsFilter] [39m[31m[POST] /ai/prompt/1773758029900/acknowledge - Status: 500 - Error: value "1773758029900" is out of range for type integer[39m
QueryFailedError: value "1773758029900" is out of range for type integer
    at PostgresQueryRunner.query (D:\Billiard_APPS\backend\src\driver\postgres\PostgresQueryRunner.ts:325:19)
    at processTicksAndRejections (node:internal/process/task_queues:105:5)
    at SelectQueryBuilder.loadRawResults (D:\Billiard_APPS\backend\src\query-builder\SelectQueryBuilder.ts:3868:25)
    at SelectQueryBuilder.executeEntitiesAndRawResults (D:\Billiard_APPS\backend\src\query-builder\SelectQueryBuilder.ts:3614:26)
    at SelectQueryBuilder.getRawAndEntities (D:\Billiard_APPS\backend\src\query-builder\SelectQueryBuilder.ts:1671:29)
    at SelectQueryBuilder.getOne (D:\Billiard_APPS\backend\src\query-builder\SelectQueryBuilder.ts:1698:25)
    at AIService.acknowledgePrompt (D:\Billiard_APPS\backend\src\ai\ai.service.ts:1314:20)
    at D:\Billiard_APPS\backend\node_modules\@nestjs\core\router\router-execution-context.js:46:28
    at D:\Billiard_APPS\backend\node_modules\@nestjs\core\router\router-proxy.js:9:17
!!! EXCEPTION CAUGHT !!! [POST] /ai/prompt/1773758029298/acknowledge
Status: 500, Message: value "1773758029298" is out of range for type integer
QueryFailedError: value "1773758029298" is out of range for type integer
    at PostgresQueryRunner.query (D:\Billiard_APPS\backend\src\driver\postgres\PostgresQueryRunner.ts:325:19)
    at processTicksAndRejections (node:internal/process/task_queues:105:5)
    at SelectQueryBuilder.loadRawResults (D:\Billiard_APPS\backend\src\query-builder\SelectQueryBuilder.ts:3868:25)
    at SelectQueryBuilder.executeEntitiesAndRawResults (D:\Billiard_APPS\backend\src\query-builder\SelectQueryBuilder.ts:3614:26)
    at SelectQueryBuilder.getRawAndEntities (D:\Billiard_APPS\backend\src\query-builder\SelectQueryBuilder.ts:1671:29)
    at SelectQueryBuilder.getOne (D:\Billiard_APPS\backend\src\query-builder\SelectQueryBuilder.ts:1698:25)
    at AIService.acknowledgePrompt (D:\Billiard_APPS\backend\src\ai\ai.service.ts:1314:20)
    at D:\Billiard_APPS\backend\node_modules\@nestjs\core\router\router-execution-context.js:46:28
    at D:\Billiard_APPS\backend\node_modules\@nestjs\core\router\router-proxy.js:9:17
[31m[Nest] 414888  - [39m17/03/2026, 21.34.18 [31m  ERROR[39m [38;5;3m[AllExceptionsFilter] [39m[31m[POST] /ai/prompt/1773758029298/acknowledge - Status: 500 - Error: value "1773758029298" is out of range for type integer[39m
QueryFailedError: value "1773758029298" is out of range for type integer
    at PostgresQueryRunner.query (D:\Billiard_APPS\backend\src\driver\postgres\PostgresQueryRunner.ts:325:19)
    at processTicksAndRejections (node:internal/process/task_queues:105:5)
    at SelectQueryBuilder.loadRawResults (D:\Billiard_APPS\backend\src\query-builder\SelectQueryBuilder.ts:3868:25)
    at SelectQueryBuilder.executeEntitiesAndRawResults (D:\Billiard_APPS\backend\src\query-builder\SelectQueryBuilder.ts:3614:26)
    at SelectQueryBuilder.getRawAndEntities (D:\Billiard_APPS\backend\src\query-builder\SelectQueryBuilder.ts:1671:29)
    at SelectQueryBuilder.getOne (D:\Billiard_APPS\backend\src\query-builder\SelectQueryBuilder.ts:1698:25)
    at AIService.acknowledgePrompt (D:\Billiard_APPS\backend\src\ai\ai.service.ts:1314:20)
    at D:\Billiard_APPS\backend\node_modules\@nestjs\core\router\router-execution-context.js:46:28
    at D:\Billiard_APPS\backend\node_modules\@nestjs\core\router\router-proxy.js:9:17
[31m[Nest] 414888  - [39m17/03/2026, 21.40.10 [31m  ERROR[39m [38;5;3m[CafeService] [39m[31mAI Combo Suggestion Error: sintaks masukan tidak valid untuk tipe integer : « menu_3 »[39m
!!! EXCEPTION CAUGHT !!! [POST] /ai/prompt/1773758742493/acknowledge
Status: 500, Message: value "1773758742493" is out of range for type integer
QueryFailedError: value "1773758742493" is out of range for type integer
    at PostgresQueryRunner.query (D:\Billiard_APPS\backend\src\driver\postgres\PostgresQueryRunner.ts:325:19)
    at processTicksAndRejections (node:internal/process/task_queues:105:5)
    at SelectQueryBuilder.loadRawResults (D:\Billiard_APPS\backend\src\query-builder\SelectQueryBuilder.ts:3868:25)
    at SelectQueryBuilder.executeEntitiesAndRawResults (D:\Billiard_APPS\backend\src\query-builder\SelectQueryBuilder.ts:3614:26)
    at SelectQueryBuilder.getRawAndEntities (D:\Billiard_APPS\backend\src\query-builder\SelectQueryBuilder.ts:1671:29)
    at SelectQueryBuilder.getOne (D:\Billiard_APPS\backend\src\query-builder\SelectQueryBuilder.ts:1698:25)
    at AIService.acknowledgePrompt (D:\Billiard_APPS\backend\src\ai\ai.service.ts:1314:20)
    at D:\Billiard_APPS\backend\node_modules\@nestjs\core\router\router-execution-context.js:46:28
    at D:\Billiard_APPS\backend\node_modules\@nestjs\core\router\router-proxy.js:9:17
[31m[Nest] 414888  - [39m17/03/2026, 21.46.49 [31m  ERROR[39m [38;5;3m[AllExceptionsFilter] [39m[31m[POST] /ai/prompt/1773758742493/acknowledge - Status: 500 - Error: value "1773758742493" is out of range for type integer[39m
QueryFailedError: value "1773758742493" is out of range for type integer
    at PostgresQueryRunner.query (D:\Billiard_APPS\backend\src\driver\postgres\PostgresQueryRunner.ts:325:19)
    at processTicksAndRejections (node:internal/process/task_queues:105:5)
    at SelectQueryBuilder.loadRawResults (D:\Billiard_APPS\backend\src\query-builder\SelectQueryBuilder.ts:3868:25)
    at SelectQueryBuilder.executeEntitiesAndRawResults (D:\Billiard_APPS\backend\src\query-builder\SelectQueryBuilder.ts:3614:26)
    at SelectQueryBuilder.getRawAndEntities (D:\Billiard_APPS\backend\src\query-builder\SelectQueryBuilder.ts:1671:29)
    at SelectQueryBuilder.getOne (D:\Billiard_APPS\backend\src\query-builder\SelectQueryBuilder.ts:1698:25)
    at AIService.acknowledgePrompt (D:\Billiard_APPS\backend\src\ai\ai.service.ts:1314:20)
    at D:\Billiard_APPS\backend\node_modules\@nestjs\core\router\router-execution-context.js:46:28
    at D:\Billiard_APPS\backend\node_modules\@nestjs\core\router\router-proxy.js:9:17

============================
Hi, looks like you are running TensorFlow.js in Node.js. To speed things up dramatically, install our node backend, visit https://github.com/tensorflow/tfjs-node for more details. 
============================

============================
Hi, looks like you are running TensorFlow.js in Node.js. To speed things up dramatically, install our node backend, visit https://github.com/tensorflow/tfjs-node for more details. 
============================

============================
Hi, looks like you are running TensorFlow.js in Node.js. To speed things up dramatically, install our node backend, visit https://github.com/tensorflow/tfjs-node for more details. 
============================
[31m[Nest] 3148  - [39m18/03/2026, 02.13.14 [31m  ERROR[39m [38;5;3m[CafeService] [39m[31mAI Combo Suggestion Error: sintaks masukan tidak valid untuk tipe integer : « menu_5 »[39m
[31m[Nest] 3148  - [39m18/03/2026, 02.13.14 [31m  ERROR[39m [38;5;3m[CafeService] [39m[31mAI Combo Suggestion Error: sintaks masukan tidak valid untuk tipe integer : « menu_3 »[39m
[31m[Nest] 3148  - [39m18/03/2026, 02.13.14 [31m  ERROR[39m [38;5;3m[CafeService] [39m[31mAI Combo Suggestion Error: sintaks masukan tidak valid untuk tipe integer : « menu_4 »[39m
[31m[Nest] 3148  - [39m18/03/2026, 02.13.22 [31m  ERROR[39m [38;5;3m[CafeService] [39m[31mAI Combo Suggestion Error: sintaks masukan tidak valid untuk tipe integer : « menu_3 »[39m
[31m[Nest] 3148  - [39m18/03/2026, 02.13.22 [31m  ERROR[39m [38;5;3m[CafeService] [39m[31mAI Combo Suggestion Error: sintaks masukan tidak valid untuk tipe integer : « menu_3 »[39m
[31m[Nest] 3148  - [39m18/03/2026, 02.13.22 [31m  ERROR[39m [38;5;3m[CafeService] [39m[31mAI Combo Suggestion Error: sintaks masukan tidak valid untuk tipe integer : « menu_5 »[39m
[31m[Nest] 3148  - [39m18/03/2026, 02.13.26 [31m  ERROR[39m [38;5;3m[CafeService] [39m[31mAI Combo Suggestion Error: sintaks masukan tidak valid untuk tipe integer : « menu_3 »[39m
[31m[Nest] 3148  - [39m18/03/2026, 02.13.26 [31m  ERROR[39m [38;5;3m[CafeService] [39m[31mAI Combo Suggestion Error: sintaks masukan tidak valid untuk tipe integer : « menu_4 »[39m
!!! EXCEPTION CAUGHT !!! [POST] /ai/prompt/1773774816612/acknowledge
Status: 500, Message: value "1773774816612" is out of range for type integer
QueryFailedError: value "1773774816612" is out of range for type integer
    at PostgresQueryRunner.query (D:\Billiard_APPS\backend\src\driver\postgres\PostgresQueryRunner.ts:325:19)
    at processTicksAndRejections (node:internal/process/task_queues:105:5)
    at SelectQueryBuilder.loadRawResults (D:\Billiard_APPS\backend\src\query-builder\SelectQueryBuilder.ts:3868:25)
    at SelectQueryBuilder.executeEntitiesAndRawResults (D:\Billiard_APPS\backend\src\query-builder\SelectQueryBuilder.ts:3614:26)
    at SelectQueryBuilder.getRawAndEntities (D:\Billiard_APPS\backend\src\query-builder\SelectQueryBuilder.ts:1671:29)
    at SelectQueryBuilder.getOne (D:\Billiard_APPS\backend\src\query-builder\SelectQueryBuilder.ts:1698:25)
    at AIService.acknowledgePrompt (D:\Billiard_APPS\backend\src\ai\ai.service.ts:1354:20)
    at D:\Billiard_APPS\backend\node_modules\@nestjs\core\router\router-execution-context.js:46:28
    at D:\Billiard_APPS\backend\node_modules\@nestjs\core\router\router-proxy.js:9:17
[31m[Nest] 3148  - [39m18/03/2026, 02.13.36 [31m  ERROR[39m [38;5;3m[AllExceptionsFilter] [39m[31m[POST] /ai/prompt/1773774816612/acknowledge - Status: 500 - Error: value "1773774816612" is out of range for type integer[39m
QueryFailedError: value "1773774816612" is out of range for type integer
    at PostgresQueryRunner.query (D:\Billiard_APPS\backend\src\driver\postgres\PostgresQueryRunner.ts:325:19)
    at processTicksAndRejections (node:internal/process/task_queues:105:5)
    at SelectQueryBuilder.loadRawResults (D:\Billiard_APPS\backend\src\query-builder\SelectQueryBuilder.ts:3868:25)
    at SelectQueryBuilder.executeEntitiesAndRawResults (D:\Billiard_APPS\backend\src\query-builder\SelectQueryBuilder.ts:3614:26)
    at SelectQueryBuilder.getRawAndEntities (D:\Billiard_APPS\backend\src\query-builder\SelectQueryBuilder.ts:1671:29)
    at SelectQueryBuilder.getOne (D:\Billiard_APPS\backend\src\query-builder\SelectQueryBuilder.ts:1698:25)
    at AIService.acknowledgePrompt (D:\Billiard_APPS\backend\src\ai\ai.service.ts:1354:20)
    at D:\Billiard_APPS\backend\node_modules\@nestjs\core\router\router-execution-context.js:46:28
    at D:\Billiard_APPS\backend\node_modules\@nestjs\core\router\router-proxy.js:9:17
[31m[Nest] 3148  - [39m18/03/2026, 02.13.40 [31m  ERROR[39m [38;5;3m[CafeService] [39m[31mAI Combo Suggestion Error: sintaks masukan tidak valid untuk tipe integer : « menu_3 »[39m
[31m[Nest] 3148  - [39m18/03/2026, 02.13.40 [31m  ERROR[39m [38;5;3m[CafeService] [39m[31mAI Combo Suggestion Error: sintaks masukan tidak valid untuk tipe integer : « menu_4 »[39m
[31m[Nest] 3148  - [39m18/03/2026, 02.14.27 [31m  ERROR[39m [38;5;3m[CafeService] [39m[31mAI Combo Suggestion Error: sintaks masukan tidak valid untuk tipe integer : « menu_5 »[39m
[31m[Nest] 3148  - [39m18/03/2026, 02.14.27 [31m  ERROR[39m [38;5;3m[CafeService] [39m[31mAI Combo Suggestion Error: sintaks masukan tidak valid untuk tipe integer : « menu_4 »[39m
[31m[Nest] 3148  - [39m18/03/2026, 02.14.27 [31m  ERROR[39m [38;5;3m[CafeService] [39m[31mAI Combo Suggestion Error: sintaks masukan tidak valid untuk tipe integer : « menu_3 »[39m
[31m[Nest] 3148  - [39m18/03/2026, 02.14.27 [31m  ERROR[39m [38;5;3m[CafeService] [39m[31mAI Combo Suggestion Error: sintaks masukan tidak valid untuk tipe integer : « menu_3 »[39m
!!! EXCEPTION CAUGHT !!! [POST] /ai/prompt/1773774896114/acknowledge
Status: 500, Message: value "1773774896114" is out of range for type integer
QueryFailedError: value "1773774896114" is out of range for type integer
    at PostgresQueryRunner.query (D:\Billiard_APPS\backend\src\driver\postgres\PostgresQueryRunner.ts:325:19)
    at processTicksAndRejections (node:internal/process/task_queues:105:5)
    at SelectQueryBuilder.loadRawResults (D:\Billiard_APPS\backend\src\query-builder\SelectQueryBuilder.ts:3868:25)
    at SelectQueryBuilder.executeEntitiesAndRawResults (D:\Billiard_APPS\backend\src\query-builder\SelectQueryBuilder.ts:3614:26)
    at SelectQueryBuilder.getRawAndEntities (D:\Billiard_APPS\backend\src\query-builder\SelectQueryBuilder.ts:1671:29)
    at SelectQueryBuilder.getOne (D:\Billiard_APPS\backend\src\query-builder\SelectQueryBuilder.ts:1698:25)
    at AIService.acknowledgePrompt (D:\Billiard_APPS\backend\src\ai\ai.service.ts:1354:20)
    at D:\Billiard_APPS\backend\node_modules\@nestjs\core\router\router-execution-context.js:46:28
    at D:\Billiard_APPS\backend\node_modules\@nestjs\core\router\router-proxy.js:9:17
[31m[Nest] 3148  - [39m18/03/2026, 02.14.55 [31m  ERROR[39m [38;5;3m[AllExceptionsFilter] [39m[31m[POST] /ai/prompt/1773774896114/acknowledge - Status: 500 - Error: value "1773774896114" is out of range for type integer[39m
QueryFailedError: value "1773774896114" is out of range for type integer
    at PostgresQueryRunner.query (D:\Billiard_APPS\backend\src\driver\postgres\PostgresQueryRunner.ts:325:19)
    at processTicksAndRejections (node:internal/process/task_queues:105:5)
    at SelectQueryBuilder.loadRawResults (D:\Billiard_APPS\backend\src\query-builder\SelectQueryBuilder.ts:3868:25)
    at SelectQueryBuilder.executeEntitiesAndRawResults (D:\Billiard_APPS\backend\src\query-builder\SelectQueryBuilder.ts:3614:26)
    at SelectQueryBuilder.getRawAndEntities (D:\Billiard_APPS\backend\src\query-builder\SelectQueryBuilder.ts:1671:29)
    at SelectQueryBuilder.getOne (D:\Billiard_APPS\backend\src\query-builder\SelectQueryBuilder.ts:1698:25)
    at AIService.acknowledgePrompt (D:\Billiard_APPS\backend\src\ai\ai.service.ts:1354:20)
    at D:\Billiard_APPS\backend\node_modules\@nestjs\core\router\router-execution-context.js:46:28
    at D:\Billiard_APPS\backend\node_modules\@nestjs\core\router\router-proxy.js:9:17
[31m[Nest] 3148  - [39m18/03/2026, 02.15.01 [31m  ERROR[39m [38;5;3m[CafeService] [39m[31mAI Combo Suggestion Error: sintaks masukan tidak valid untuk tipe integer : « menu_4 »[39m
[31m[Nest] 3148  - [39m18/03/2026, 02.15.01 [31m  ERROR[39m [38;5;3m[CafeService] [39m[31mAI Combo Suggestion Error: sintaks masukan tidak valid untuk tipe integer : « menu_3 »[39m
[31m[Nest] 3148  - [39m18/03/2026, 02.15.07 [31m  ERROR[39m [38;5;3m[CafeService] [39m[31mAI Combo Suggestion Error: sintaks masukan tidak valid untuk tipe integer : « menu_3 »[39m
[31m[Nest] 3148  - [39m18/03/2026, 02.15.07 [31m  ERROR[39m [38;5;3m[CafeService] [39m[31mAI Combo Suggestion Error: sintaks masukan tidak valid untuk tipe integer : « menu_4 »[39m
CRITICAL: Failed to save chat message: QueryFailedError: insert atau update pada table « chat_messages » menyalahin aturan foreign key « FK_fc6b58e41e9a871dacbe9077def »
    at PostgresQueryRunner.query (D:\Billiard_APPS\backend\src\driver\postgres\PostgresQueryRunner.ts:325:19)
    at processTicksAndRejections (node:internal/process/task_queues:105:5)
    at InsertQueryBuilder.execute (D:\Billiard_APPS\backend\src\query-builder\InsertQueryBuilder.ts:164:33)
    at SubjectExecutor.executeInsertOperations (D:\Billiard_APPS\backend\src\persistence\SubjectExecutor.ts:435:42)
    at SubjectExecutor.execute (D:\Billiard_APPS\backend\src\persistence\SubjectExecutor.ts:137:9)
    at EntityPersistExecutor.execute (D:\Billiard_APPS\backend\src\persistence\EntityPersistExecutor.ts:182:21)
    at ChatService.sendMessage (D:\Billiard_APPS\backend\src\chat\chat.service.ts:26:26)
    at CoachingService.coachHighOccupancyUpsell (D:\Billiard_APPS\backend\src\ai\coaching.service.ts:102:9)
    at async Promise.all (index 1)
    at CoachingService.runAutomatedCoaching (D:\Billiard_APPS\backend\src\ai\coaching.service.ts:62:5) {
  query: 'INSERT INTO "chat_messages"("senderId", "receiverId", "message", "timestamp", "isRead", "type", "readByUserId") VALUES ($1, $2, $3, DEFAULT, DEFAULT, $4, $5) RETURNING "id", "timestamp", "isRead", "type"',
  parameters: [
    0,
    3,
    '🔥 Restoran sedang ramai! Ini momen tepat untuk upselling minuman dingin atau cemilan cepat saji (Fast Bites). Ayo tingkatkan rata-rata struk!',
    'AI_COACH',
    '[0]'
  ],
  driverError: error: insert atau update pada table « chat_messages » menyalahin aturan foreign key « FK_fc6b58e41e9a871dacbe9077def »
      at D:\Billiard_APPS\backend\node_modules\pg\lib\client.js:624:17
      at processTicksAndRejections (node:internal/process/task_queues:105:5)
      at PostgresQueryRunner.query (D:\Billiard_APPS\backend\src\driver\postgres\PostgresQueryRunner.ts:254:25)
      at InsertQueryBuilder.execute (D:\Billiard_APPS\backend\src\query-builder\InsertQueryBuilder.ts:164:33)
      at SubjectExecutor.executeInsertOperations (D:\Billiard_APPS\backend\src\persistence\SubjectExecutor.ts:435:42)
      at SubjectExecutor.execute (D:\Billiard_APPS\backend\src\persistence\SubjectExecutor.ts:137:9)
      at EntityPersistExecutor.execute (D:\Billiard_APPS\backend\src\persistence\EntityPersistExecutor.ts:182:21)
      at ChatService.sendMessage (D:\Billiard_APPS\backend\src\chat\chat.service.ts:26:26)
      at CoachingService.coachHighOccupancyUpsell (D:\Billiard_APPS\backend\src\ai\coaching.service.ts:102:9)
      at async Promise.all (index 1) {
    length: 295,
    severity: 'ERROR',
    code: '23503',
    detail: 'Key (senderId)=(0) tidak ada dalam table « users ».',
    hint: undefined,
    position: undefined,
    internalPosition: undefined,
    internalQuery: undefined,
    where: undefined,
    schema: 'public',
    table: 'chat_messages',
    column: undefined,
    dataType: undefined,
    constraint: 'FK_fc6b58e41e9a871dacbe9077def',
    file: 'ri_triggers.c',
    line: '2783',
    routine: 'ri_ReportViolation'
  },
  length: 295,
  severity: 'ERROR',
  code: '23503',
  detail: 'Key (senderId)=(0) tidak ada dalam table « users ».',
  hint: undefined,
  position: undefined,
  internalPosition: undefined,
  internalQuery: undefined,
  where: undefined,
  schema: 'public',
  table: 'chat_messages',
  column: undefined,
  dataType: undefined,
  constraint: 'FK_fc6b58e41e9a871dacbe9077def',
  file: 'ri_triggers.c',
  line: '2783',
  routine: 'ri_ReportViolation'
}
[31m[Nest] 3148  - [39m18/03/2026, 02.30.00 [31m  ERROR[39m [38;5;3m[Scheduler] [39mQueryFailedError: insert atau update pada table « chat_messages » menyalahin aturan foreign key « FK_fc6b58e41e9a871dacbe9077def »
    at PostgresQueryRunner.query [90m(D:\Billiard_APPS\backend\[39msrc\driver\postgres\PostgresQueryRunner.ts:325:19[90m)[39m
[90m    at processTicksAndRejections (node:internal/process/task_queues:105:5)[39m
    at InsertQueryBuilder.execute [90m(D:\Billiard_APPS\backend\[39msrc\query-builder\InsertQueryBuilder.ts:164:33[90m)[39m
    at SubjectExecutor.executeInsertOperations [90m(D:\Billiard_APPS\backend\[39msrc\persistence\SubjectExecutor.ts:435:42[90m)[39m
    at SubjectExecutor.execute [90m(D:\Billiard_APPS\backend\[39msrc\persistence\SubjectExecutor.ts:137:9[90m)[39m
    at EntityPersistExecutor.execute [90m(D:\Billiard_APPS\backend\[39msrc\persistence\EntityPersistExecutor.ts:182:21[90m)[39m
    at ChatService.sendMessage [90m(D:\Billiard_APPS\backend\[39msrc\chat\chat.service.ts:26:26[90m)[39m
    at CoachingService.coachHighOccupancyUpsell [90m(D:\Billiard_APPS\backend\[39msrc\ai\coaching.service.ts:102:9[90m)[39m
    at async Promise.all (index 1)
    at CoachingService.runAutomatedCoaching [90m(D:\Billiard_APPS\backend\[39msrc\ai\coaching.service.ts:62:5[90m)[39m {
  query: [32m'INSERT INTO "chat_messages"("senderId", "receiverId", "message", "timestamp", "isRead", "type", "readByUserId") VALUES ($1, $2, $3, DEFAULT, DEFAULT, $4, $5) RETURNING "id", "timestamp", "isRead", "type"'[39m,
  parameters: [
    [33m0[39m,
    [33m3[39m,
    [32m'🔥 Restoran sedang ramai! Ini momen tepat untuk upselling minuman dingin atau cemilan cepat saji (Fast Bites). Ayo tingkatkan rata-rata struk!'[39m,
    [32m'AI_COACH'[39m,
    [32m'[0]'[39m
  ],
  driverError: error: insert atau update pada table « chat_messages » menyalahin aturan foreign key « FK_fc6b58e41e9a871dacbe9077def »
      at [90mD:\Billiard_APPS\backend\[39mnode_modules\[4mpg[24m\lib\client.js:624:17
  [90m    at processTicksAndRejections (node:internal/process/task_queues:105:5)[39m
      at PostgresQueryRunner.query [90m(D:\Billiard_APPS\backend\[39msrc\driver\postgres\PostgresQueryRunner.ts:254:25[90m)[39m
      at InsertQueryBuilder.execute [90m(D:\Billiard_APPS\backend\[39msrc\query-builder\InsertQueryBuilder.ts:164:33[90m)[39m
      at SubjectExecutor.executeInsertOperations [90m(D:\Billiard_APPS\backend\[39msrc\persistence\SubjectExecutor.ts:435:42[90m)[39m
      at SubjectExecutor.execute [90m(D:\Billiard_APPS\backend\[39msrc\persistence\SubjectExecutor.ts:137:9[90m)[39m
      at EntityPersistExecutor.execute [90m(D:\Billiard_APPS\backend\[39msrc\persistence\EntityPersistExecutor.ts:182:21[90m)[39m
      at ChatService.sendMessage [90m(D:\Billiard_APPS\backend\[39msrc\chat\chat.service.ts:26:26[90m)[39m
      at CoachingService.coachHighOccupancyUpsell [90m(D:\Billiard_APPS\backend\[39msrc\ai\coaching.service.ts:102:9[90m)[39m
      at async Promise.all (index 1) {
    length: [33m295[39m,
    severity: [32m'ERROR'[39m,
    code: [32m'23503'[39m,
    detail: [32m'Key (senderId)=(0) tidak ada dalam table « users ».'[39m,
    hint: [90mundefined[39m,
    position: [90mundefined[39m,
    internalPosition: [90mundefined[39m,
    internalQuery: [90mundefined[39m,
    where: [90mundefined[39m,
    schema: [32m'public'[39m,
    table: [32m'chat_messages'[39m,
    column: [90mundefined[39m,
    dataType: [90mundefined[39m,
    constraint: [32m'FK_fc6b58e41e9a871dacbe9077def'[39m,
    file: [32m'ri_triggers.c'[39m,
    line: [32m'2783'[39m,
    routine: [32m'ri_ReportViolation'[39m
  },
  length: [33m295[39m,
  severity: [32m'ERROR'[39m,
  code: [32m'23503'[39m,
  detail: [32m'Key (senderId)=(0) tidak ada dalam table « users ».'[39m,
  hint: [90mundefined[39m,
  position: [90mundefined[39m,
  internalPosition: [90mundefined[39m,
  internalQuery: [90mundefined[39m,
  where: [90mundefined[39m,
  schema: [32m'public'[39m,
  table: [32m'chat_messages'[39m,
  column: [90mundefined[39m,
  dataType: [90mundefined[39m,
  constraint: [32m'FK_fc6b58e41e9a871dacbe9077def'[39m,
  file: [32m'ri_triggers.c'[39m,
  line: [32m'2783'[39m,
  routine: [32m'ri_ReportViolation'[39m
}
CRITICAL: Failed to save chat message: QueryFailedError: insert atau update pada table « chat_messages » menyalahin aturan foreign key « FK_fc6b58e41e9a871dacbe9077def »
    at PostgresQueryRunner.query (D:\Billiard_APPS\backend\src\driver\postgres\PostgresQueryRunner.ts:325:19)
    at processTicksAndRejections (node:internal/process/task_queues:105:5)
    at InsertQueryBuilder.execute (D:\Billiard_APPS\backend\src\query-builder\InsertQueryBuilder.ts:164:33)
    at SubjectExecutor.executeInsertOperations (D:\Billiard_APPS\backend\src\persistence\SubjectExecutor.ts:435:42)
    at SubjectExecutor.execute (D:\Billiard_APPS\backend\src\persistence\SubjectExecutor.ts:137:9)
    at EntityPersistExecutor.execute (D:\Billiard_APPS\backend\src\persistence\EntityPersistExecutor.ts:182:21)
    at ChatService.sendMessage (D:\Billiard_APPS\backend\src\chat\chat.service.ts:26:26)
    at CoachingService.coachLowPerformanceWaiters (D:\Billiard_APPS\backend\src\ai\coaching.service.ts:87:9)
    at async Promise.all (index 0) {
  query: 'INSERT INTO "chat_messages"("senderId", "receiverId", "message", "timestamp", "isRead", "type", "readByUserId") VALUES ($1, $2, $3, DEFAULT, DEFAULT, $4, $5) RETURNING "id", "timestamp", "isRead", "type"',
  parameters: [
    0,
    5,
    "Halo caca, AI mendeteksi ROI-mu sedikit di bawah rata-rata hari ini. Coba tawarkan menu 'Best Seller' atau paket Billiard tambahan ke pelanggan di mejamu ya! Semangat! 💪",
    'AI_COACH',
    '[0]'
  ],
  driverError: error: insert atau update pada table « chat_messages » menyalahin aturan foreign key « FK_fc6b58e41e9a871dacbe9077def »
      at D:\Billiard_APPS\backend\node_modules\pg\lib\client.js:624:17
      at processTicksAndRejections (node:internal/process/task_queues:105:5)
      at PostgresQueryRunner.query (D:\Billiard_APPS\backend\src\driver\postgres\PostgresQueryRunner.ts:254:25)
      at InsertQueryBuilder.execute (D:\Billiard_APPS\backend\src\query-builder\InsertQueryBuilder.ts:164:33)
      at SubjectExecutor.executeInsertOperations (D:\Billiard_APPS\backend\src\persistence\SubjectExecutor.ts:435:42)
      at SubjectExecutor.execute (D:\Billiard_APPS\backend\src\persistence\SubjectExecutor.ts:137:9)
      at EntityPersistExecutor.execute (D:\Billiard_APPS\backend\src\persistence\EntityPersistExecutor.ts:182:21)
      at ChatService.sendMessage (D:\Billiard_APPS\backend\src\chat\chat.service.ts:26:26)
      at CoachingService.coachLowPerformanceWaiters (D:\Billiard_APPS\backend\src\ai\coaching.service.ts:87:9)
      at async Promise.all (index 0) {
    length: 295,
    severity: 'ERROR',
    code: '23503',
    detail: 'Key (senderId)=(0) tidak ada dalam table « users ».',
    hint: undefined,
    position: undefined,
    internalPosition: undefined,
    internalQuery: undefined,
    where: undefined,
    schema: 'public',
    table: 'chat_messages',
    column: undefined,
    dataType: undefined,
    constraint: 'FK_fc6b58e41e9a871dacbe9077def',
    file: 'ri_triggers.c',
    line: '2783',
    routine: 'ri_ReportViolation'
  },
  length: 295,
  severity: 'ERROR',
  code: '23503',
  detail: 'Key (senderId)=(0) tidak ada dalam table « users ».',
  hint: undefined,
  position: undefined,
  internalPosition: undefined,
  internalQuery: undefined,
  where: undefined,
  schema: 'public',
  table: 'chat_messages',
  column: undefined,
  dataType: undefined,
  constraint: 'FK_fc6b58e41e9a871dacbe9077def',
  file: 'ri_triggers.c',
  line: '2783',
  routine: 'ri_ReportViolation'
}
[31m[Nest] 3148  - [39m18/03/2026, 03.00.00 [31m  ERROR[39m [38;5;3m[AIService] [39m[31mFailed to save AI state: Cannot find any save handlers for URL 'file://D:\Billiard_APPS\backend\storage\ai\dqn_model'[39m
CRITICAL: Failed to save chat message: QueryFailedError: insert atau update pada table « chat_messages » menyalahin aturan foreign key « FK_fc6b58e41e9a871dacbe9077def »
    at PostgresQueryRunner.query (D:\Billiard_APPS\backend\src\driver\postgres\PostgresQueryRunner.ts:325:19)
    at processTicksAndRejections (node:internal/process/task_queues:105:5)
    at InsertQueryBuilder.execute (D:\Billiard_APPS\backend\src\query-builder\InsertQueryBuilder.ts:164:33)
    at SubjectExecutor.executeInsertOperations (D:\Billiard_APPS\backend\src\persistence\SubjectExecutor.ts:435:42)
    at SubjectExecutor.execute (D:\Billiard_APPS\backend\src\persistence\SubjectExecutor.ts:137:9)
    at EntityPersistExecutor.execute (D:\Billiard_APPS\backend\src\persistence\EntityPersistExecutor.ts:182:21)
    at ChatService.sendMessage (D:\Billiard_APPS\backend\src\chat\chat.service.ts:26:26)
    at CoachingService.coachHighOccupancyUpsell (D:\Billiard_APPS\backend\src\ai\coaching.service.ts:102:9)
    at async Promise.all (index 1)
    at CoachingService.runAutomatedCoaching (D:\Billiard_APPS\backend\src\ai\coaching.service.ts:62:5) {
  query: 'INSERT INTO "chat_messages"("senderId", "receiverId", "message", "timestamp", "isRead", "type", "readByUserId") VALUES ($1, $2, $3, DEFAULT, DEFAULT, $4, $5) RETURNING "id", "timestamp", "isRead", "type"',
  parameters: [
    0,
    5,
    '🔥 Restoran sedang ramai! Ini momen tepat untuk upselling minuman dingin atau cemilan cepat saji (Fast Bites). Ayo tingkatkan rata-rata struk!',
    'AI_COACH',
    '[0]'
  ],
  driverError: error: insert atau update pada table « chat_messages » menyalahin aturan foreign key « FK_fc6b58e41e9a871dacbe9077def »
      at D:\Billiard_APPS\backend\node_modules\pg\lib\client.js:624:17
      at processTicksAndRejections (node:internal/process/task_queues:105:5)
      at PostgresQueryRunner.query (D:\Billiard_APPS\backend\src\driver\postgres\PostgresQueryRunner.ts:254:25)
      at InsertQueryBuilder.execute (D:\Billiard_APPS\backend\src\query-builder\InsertQueryBuilder.ts:164:33)
      at SubjectExecutor.executeInsertOperations (D:\Billiard_APPS\backend\src\persistence\SubjectExecutor.ts:435:42)
      at SubjectExecutor.execute (D:\Billiard_APPS\backend\src\persistence\SubjectExecutor.ts:137:9)
      at EntityPersistExecutor.execute (D:\Billiard_APPS\backend\src\persistence\EntityPersistExecutor.ts:182:21)
      at ChatService.sendMessage (D:\Billiard_APPS\backend\src\chat\chat.service.ts:26:26)
      at CoachingService.coachHighOccupancyUpsell (D:\Billiard_APPS\backend\src\ai\coaching.service.ts:102:9)
      at async Promise.all (index 1) {
    length: 295,
    severity: 'ERROR',
    code: '23503',
    detail: 'Key (senderId)=(0) tidak ada dalam table « users ».',
    hint: undefined,
    position: undefined,
    internalPosition: undefined,
    internalQuery: undefined,
    where: undefined,
    schema: 'public',
    table: 'chat_messages',
    column: undefined,
    dataType: undefined,
    constraint: 'FK_fc6b58e41e9a871dacbe9077def',
    file: 'ri_triggers.c',
    line: '2783',
    routine: 'ri_ReportViolation'
  },
  length: 295,
  severity: 'ERROR',
  code: '23503',
  detail: 'Key (senderId)=(0) tidak ada dalam table « users ».',
  hint: undefined,
  position: undefined,
  internalPosition: undefined,
  internalQuery: undefined,
  where: undefined,
  schema: 'public',
  table: 'chat_messages',
  column: undefined,
  dataType: undefined,
  constraint: 'FK_fc6b58e41e9a871dacbe9077def',
  file: 'ri_triggers.c',
  line: '2783',
  routine: 'ri_ReportViolation'
}
[31m[Nest] 3148  - [39m18/03/2026, 03.00.00 [31m  ERROR[39m [38;5;3m[Scheduler] [39mQueryFailedError: insert atau update pada table « chat_messages » menyalahin aturan foreign key « FK_fc6b58e41e9a871dacbe9077def »
    at PostgresQueryRunner.query [90m(D:\Billiard_APPS\backend\[39msrc\driver\postgres\PostgresQueryRunner.ts:325:19[90m)[39m
[90m    at processTicksAndRejections (node:internal/process/task_queues:105:5)[39m
    at InsertQueryBuilder.execute [90m(D:\Billiard_APPS\backend\[39msrc\query-builder\InsertQueryBuilder.ts:164:33[90m)[39m
    at SubjectExecutor.executeInsertOperations [90m(D:\Billiard_APPS\backend\[39msrc\persistence\SubjectExecutor.ts:435:42[90m)[39m
    at SubjectExecutor.execute [90m(D:\Billiard_APPS\backend\[39msrc\persistence\SubjectExecutor.ts:137:9[90m)[39m
    at EntityPersistExecutor.execute [90m(D:\Billiard_APPS\backend\[39msrc\persistence\EntityPersistExecutor.ts:182:21[90m)[39m
    at ChatService.sendMessage [90m(D:\Billiard_APPS\backend\[39msrc\chat\chat.service.ts:26:26[90m)[39m
    at CoachingService.coachHighOccupancyUpsell [90m(D:\Billiard_APPS\backend\[39msrc\ai\coaching.service.ts:102:9[90m)[39m
    at async Promise.all (index 1)
    at CoachingService.runAutomatedCoaching [90m(D:\Billiard_APPS\backend\[39msrc\ai\coaching.service.ts:62:5[90m)[39m {
  query: [32m'INSERT INTO "chat_messages"("senderId", "receiverId", "message", "timestamp", "isRead", "type", "readByUserId") VALUES ($1, $2, $3, DEFAULT, DEFAULT, $4, $5) RETURNING "id", "timestamp", "isRead", "type"'[39m,
  parameters: [
    [33m0[39m,
    [33m5[39m,
    [32m'🔥 Restoran sedang ramai! Ini momen tepat untuk upselling minuman dingin atau cemilan cepat saji (Fast Bites). Ayo tingkatkan rata-rata struk!'[39m,
    [32m'AI_COACH'[39m,
    [32m'[0]'[39m
  ],
  driverError: error: insert atau update pada table « chat_messages » menyalahin aturan foreign key « FK_fc6b58e41e9a871dacbe9077def »
      at [90mD:\Billiard_APPS\backend\[39mnode_modules\[4mpg[24m\lib\client.js:624:17
  [90m    at processTicksAndRejections (node:internal/process/task_queues:105:5)[39m
      at PostgresQueryRunner.query [90m(D:\Billiard_APPS\backend\[39msrc\driver\postgres\PostgresQueryRunner.ts:254:25[90m)[39m
      at InsertQueryBuilder.execute [90m(D:\Billiard_APPS\backend\[39msrc\query-builder\InsertQueryBuilder.ts:164:33[90m)[39m
      at SubjectExecutor.executeInsertOperations [90m(D:\Billiard_APPS\backend\[39msrc\persistence\SubjectExecutor.ts:435:42[90m)[39m
      at SubjectExecutor.execute [90m(D:\Billiard_APPS\backend\[39msrc\persistence\SubjectExecutor.ts:137:9[90m)[39m
      at EntityPersistExecutor.execute [90m(D:\Billiard_APPS\backend\[39msrc\persistence\EntityPersistExecutor.ts:182:21[90m)[39m
      at ChatService.sendMessage [90m(D:\Billiard_APPS\backend\[39msrc\chat\chat.service.ts:26:26[90m)[39m
      at CoachingService.coachHighOccupancyUpsell [90m(D:\Billiard_APPS\backend\[39msrc\ai\coaching.service.ts:102:9[90m)[39m
      at async Promise.all (index 1) {
    length: [33m295[39m,
    severity: [32m'ERROR'[39m,
    code: [32m'23503'[39m,
    detail: [32m'Key (senderId)=(0) tidak ada dalam table « users ».'[39m,
    hint: [90mundefined[39m,
    position: [90mundefined[39m,
    internalPosition: [90mundefined[39m,
    internalQuery: [90mundefined[39m,
    where: [90mundefined[39m,
    schema: [32m'public'[39m,
    table: [32m'chat_messages'[39m,
    column: [90mundefined[39m,
    dataType: [90mundefined[39m,
    constraint: [32m'FK_fc6b58e41e9a871dacbe9077def'[39m,
    file: [32m'ri_triggers.c'[39m,
    line: [32m'2783'[39m,
    routine: [32m'ri_ReportViolation'[39m
  },
  length: [33m295[39m,
  severity: [32m'ERROR'[39m,
  code: [32m'23503'[39m,
  detail: [32m'Key (senderId)=(0) tidak ada dalam table « users ».'[39m,
  hint: [90mundefined[39m,
  position: [90mundefined[39m,
  internalPosition: [90mundefined[39m,
  internalQuery: [90mundefined[39m,
  where: [90mundefined[39m,
  schema: [32m'public'[39m,
  table: [32m'chat_messages'[39m,
  column: [90mundefined[39m,
  dataType: [90mundefined[39m,
  constraint: [32m'FK_fc6b58e41e9a871dacbe9077def'[39m,
  file: [32m'ri_triggers.c'[39m,
  line: [32m'2783'[39m,
  routine: [32m'ri_ReportViolation'[39m
}
[31m[Nest] 3148  - [39m18/03/2026, 03.00.00 [31m  ERROR[39m [38;5;3m[MaintenanceService] [39m[31mError archiving transactions:[39m
[31m[Nest] 3148  - [39m18/03/2026, 03.00.00 [31m  ERROR[39m [38;5;3m[MaintenanceService] [39mQueryFailedError: kolom « isPointsAwarded » bertipe boolean tapi ekspresi bertipe timestamp without time zone
    at PostgresQueryRunner.query [90m(D:\Billiard_APPS\backend\[39msrc\driver\postgres\PostgresQueryRunner.ts:325:19[90m)[39m
[90m    at processTicksAndRejections (node:internal/process/task_queues:105:5)[39m
    at MaintenanceService.archiveOldTransactions [90m(D:\Billiard_APPS\backend\[39msrc\maintenance\maintenance.service.ts:205:7[90m)[39m
    at MaintenanceService.runNightlyMaintenance [90m(D:\Billiard_APPS\backend\[39msrc\maintenance\maintenance.service.ts:85:36[90m)[39m
    at MaintenanceService.checkAndRunMaintenance [90m(D:\Billiard_APPS\backend\[39msrc\maintenance\maintenance.service.ts:63:9[90m)[39m
    at CronJob.<anonymous> [90m(D:\Billiard_APPS\backend\[39mnode_modules\[4m@nestjs[24m\schedule\dist\schedule.explorer.js:119:17[90m)[39m {
  query: [32m`\n                INSERT INTO transactions_archive\n                SELECT * FROM transactions\n                WHERE status IN ('PAID', 'CANCELLED')\n                  AND "createdAt" < $1\n                ON CONFLICT DO NOTHING\n            `[39m,
  parameters: [
    [35m2025-12-17T20:00:00.197Z[39m
  ],
  driverError: error: kolom « isPointsAwarded » bertipe boolean tapi ekspresi bertipe timestamp without time zone
      at [90mD:\Billiard_APPS\backend\[39mnode_modules\[4mpg[24m\lib\client.js:624:17
  [90m    at processTicksAndRejections (node:internal/process/task_queues:105:5)[39m
      at PostgresQueryRunner.query [90m(D:\Billiard_APPS\backend\[39msrc\driver\postgres\PostgresQueryRunner.ts:254:25[90m)[39m
      at MaintenanceService.archiveOldTransactions [90m(D:\Billiard_APPS\backend\[39msrc\maintenance\maintenance.service.ts:205:7[90m)[39m
      at MaintenanceService.runNightlyMaintenance [90m(D:\Billiard_APPS\backend\[39msrc\maintenance\maintenance.service.ts:85:36[90m)[39m
      at MaintenanceService.checkAndRunMaintenance [90m(D:\Billiard_APPS\backend\[39msrc\maintenance\maintenance.service.ts:63:9[90m)[39m
      at CronJob.<anonymous> [90m(D:\Billiard_APPS\backend\[39mnode_modules\[4m@nestjs[24m\schedule\dist\schedule.explorer.js:119:17[90m)[39m {
    length: [33m226[39m,
    severity: [32m'ERROR'[39m,
    code: [32m'42804'[39m,
    detail: [90mundefined[39m,
    hint: [32m'Anda akan memerlukan me-rewrite atau mengganti ekpresi.'[39m,
    position: [32m'74'[39m,
    internalPosition: [90mundefined[39m,
    internalQuery: [90mundefined[39m,
    where: [90mundefined[39m,
    schema: [90mundefined[39m,
    table: [90mundefined[39m,
    column: [90mundefined[39m,
    dataType: [90mundefined[39m,
    constraint: [90mundefined[39m,
    file: [32m'parse_target.c'[39m,
    line: [32m'596'[39m,
    routine: [32m'transformAssignedExpr'[39m
  },
  length: [33m226[39m,
  severity: [32m'ERROR'[39m,
  code: [32m'42804'[39m,
  detail: [90mundefined[39m,
  hint: [32m'Anda akan memerlukan me-rewrite atau mengganti ekpresi.'[39m,
  position: [32m'74'[39m,
  internalPosition: [90mundefined[39m,
  internalQuery: [90mundefined[39m,
  where: [90mundefined[39m,
  schema: [90mundefined[39m,
  table: [90mundefined[39m,
  column: [90mundefined[39m,
  dataType: [90mundefined[39m,
  constraint: [90mundefined[39m,
  file: [32m'parse_target.c'[39m,
  line: [32m'596'[39m,
  routine: [32m'transformAssignedExpr'[39m
}
[31m[Nest] 3148  - [39m18/03/2026, 03.00.00 [31m  ERROR[39m [38;5;3m[MaintenanceService] [39m[31mMaintenance error:[39m
[31m[Nest] 3148  - [39m18/03/2026, 03.00.00 [31m  ERROR[39m [38;5;3m[MaintenanceService] [39mTypeORMError: Empty criteria(s) are not allowed for the delete method.
    at EntityManager.delete [90m(D:\Billiard_APPS\backend\[39msrc\entity-manager\EntityManager.ts:849:17[90m)[39m
    at Repository.delete [90m(D:\Billiard_APPS\backend\[39msrc\repository\Repository.ts:420:35[90m)[39m
    at MaintenanceService.purgeChatMessages [90m(D:\Billiard_APPS\backend\[39msrc\maintenance\maintenance.service.ts:138:46[90m)[39m
    at MaintenanceService.runNightlyMaintenance [90m(D:\Billiard_APPS\backend\[39msrc\maintenance\maintenance.service.ts:87:46[90m)[39m
[90m    at processTicksAndRejections (node:internal/process/task_queues:105:5)[39m
    at MaintenanceService.checkAndRunMaintenance [90m(D:\Billiard_APPS\backend\[39msrc\maintenance\maintenance.service.ts:63:9[90m)[39m
    at CronJob.<anonymous> [90m(D:\Billiard_APPS\backend\[39mnode_modules\[4m@nestjs[24m\schedule\dist\schedule.explorer.js:119:17[90m)[39m
CRITICAL: Failed to save chat message: QueryFailedError: insert atau update pada table « chat_messages » menyalahin aturan foreign key « FK_fc6b58e41e9a871dacbe9077def »
    at PostgresQueryRunner.query (D:\Billiard_APPS\backend\src\driver\postgres\PostgresQueryRunner.ts:325:19)
    at processTicksAndRejections (node:internal/process/task_queues:105:5)
    at InsertQueryBuilder.execute (D:\Billiard_APPS\backend\src\query-builder\InsertQueryBuilder.ts:164:33)
    at SubjectExecutor.executeInsertOperations (D:\Billiard_APPS\backend\src\persistence\SubjectExecutor.ts:435:42)
    at SubjectExecutor.execute (D:\Billiard_APPS\backend\src\persistence\SubjectExecutor.ts:137:9)
    at EntityPersistExecutor.execute (D:\Billiard_APPS\backend\src\persistence\EntityPersistExecutor.ts:182:21)
    at ChatService.sendMessage (D:\Billiard_APPS\backend\src\chat\chat.service.ts:26:26)
    at CoachingService.coachHighOccupancyUpsell (D:\Billiard_APPS\backend\src\ai\coaching.service.ts:102:9)
    at async Promise.all (index 1)
    at CoachingService.runAutomatedCoaching (D:\Billiard_APPS\backend\src\ai\coaching.service.ts:62:5) {
  query: 'INSERT INTO "chat_messages"("senderId", "receiverId", "message", "timestamp", "isRead", "type", "readByUserId") VALUES ($1, $2, $3, DEFAULT, DEFAULT, $4, $5) RETURNING "id", "timestamp", "isRead", "type"',
  parameters: [
    0,
    4,
    '🔥 Restoran sedang ramai! Ini momen tepat untuk upselling minuman dingin atau cemilan cepat saji (Fast Bites). Ayo tingkatkan rata-rata struk!',
    'AI_COACH',
    '[0]'
  ],
  driverError: error: insert atau update pada table « chat_messages » menyalahin aturan foreign key « FK_fc6b58e41e9a871dacbe9077def »
      at D:\Billiard_APPS\backend\node_modules\pg\lib\client.js:624:17
      at processTicksAndRejections (node:internal/process/task_queues:105:5)
      at PostgresQueryRunner.query (D:\Billiard_APPS\backend\src\driver\postgres\PostgresQueryRunner.ts:254:25)
      at InsertQueryBuilder.execute (D:\Billiard_APPS\backend\src\query-builder\InsertQueryBuilder.ts:164:33)
      at SubjectExecutor.executeInsertOperations (D:\Billiard_APPS\backend\src\persistence\SubjectExecutor.ts:435:42)
      at SubjectExecutor.execute (D:\Billiard_APPS\backend\src\persistence\SubjectExecutor.ts:137:9)
      at EntityPersistExecutor.execute (D:\Billiard_APPS\backend\src\persistence\EntityPersistExecutor.ts:182:21)
      at ChatService.sendMessage (D:\Billiard_APPS\backend\src\chat\chat.service.ts:26:26)
      at CoachingService.coachHighOccupancyUpsell (D:\Billiard_APPS\backend\src\ai\coaching.service.ts:102:9)
      at async Promise.all (index 1) {
    length: 295,
    severity: 'ERROR',
    code: '23503',
    detail: 'Key (senderId)=(0) tidak ada dalam table « users ».',
    hint: undefined,
    position: undefined,
    internalPosition: undefined,
    internalQuery: undefined,
    where: undefined,
    schema: 'public',
    table: 'chat_messages',
    column: undefined,
    dataType: undefined,
    constraint: 'FK_fc6b58e41e9a871dacbe9077def',
    file: 'ri_triggers.c',
    line: '2783',
    routine: 'ri_ReportViolation'
  },
  length: 295,
  severity: 'ERROR',
  code: '23503',
  detail: 'Key (senderId)=(0) tidak ada dalam table « users ».',
  hint: undefined,
  position: undefined,
  internalPosition: undefined,
  internalQuery: undefined,
  where: undefined,
  schema: 'public',
  table: 'chat_messages',
  column: undefined,
  dataType: undefined,
  constraint: 'FK_fc6b58e41e9a871dacbe9077def',
  file: 'ri_triggers.c',
  line: '2783',
  routine: 'ri_ReportViolation'
}
[31m[Nest] 3148  - [39m18/03/2026, 03.30.00 [31m  ERROR[39m [38;5;3m[Scheduler] [39mQueryFailedError: insert atau update pada table « chat_messages » menyalahin aturan foreign key « FK_fc6b58e41e9a871dacbe9077def »
    at PostgresQueryRunner.query [90m(D:\Billiard_APPS\backend\[39msrc\driver\postgres\PostgresQueryRunner.ts:325:19[90m)[39m
[90m    at processTicksAndRejections (node:internal/process/task_queues:105:5)[39m
    at InsertQueryBuilder.execute [90m(D:\Billiard_APPS\backend\[39msrc\query-builder\InsertQueryBuilder.ts:164:33[90m)[39m
    at SubjectExecutor.executeInsertOperations [90m(D:\Billiard_APPS\backend\[39msrc\persistence\SubjectExecutor.ts:435:42[90m)[39m
    at SubjectExecutor.execute [90m(D:\Billiard_APPS\backend\[39msrc\persistence\SubjectExecutor.ts:137:9[90m)[39m
    at EntityPersistExecutor.execute [90m(D:\Billiard_APPS\backend\[39msrc\persistence\EntityPersistExecutor.ts:182:21[90m)[39m
    at ChatService.sendMessage [90m(D:\Billiard_APPS\backend\[39msrc\chat\chat.service.ts:26:26[90m)[39m
    at CoachingService.coachHighOccupancyUpsell [90m(D:\Billiard_APPS\backend\[39msrc\ai\coaching.service.ts:102:9[90m)[39m
    at async Promise.all (index 1)
    at CoachingService.runAutomatedCoaching [90m(D:\Billiard_APPS\backend\[39msrc\ai\coaching.service.ts:62:5[90m)[39m {
  query: [32m'INSERT INTO "chat_messages"("senderId", "receiverId", "message", "timestamp", "isRead", "type", "readByUserId") VALUES ($1, $2, $3, DEFAULT, DEFAULT, $4, $5) RETURNING "id", "timestamp", "isRead", "type"'[39m,
  parameters: [
    [33m0[39m,
    [33m4[39m,
    [32m'🔥 Restoran sedang ramai! Ini momen tepat untuk upselling minuman dingin atau cemilan cepat saji (Fast Bites). Ayo tingkatkan rata-rata struk!'[39m,
    [32m'AI_COACH'[39m,
    [32m'[0]'[39m
  ],
  driverError: error: insert atau update pada table « chat_messages » menyalahin aturan foreign key « FK_fc6b58e41e9a871dacbe9077def »
      at [90mD:\Billiard_APPS\backend\[39mnode_modules\[4mpg[24m\lib\client.js:624:17
  [90m    at processTicksAndRejections (node:internal/process/task_queues:105:5)[39m
      at PostgresQueryRunner.query [90m(D:\Billiard_APPS\backend\[39msrc\driver\postgres\PostgresQueryRunner.ts:254:25[90m)[39m
      at InsertQueryBuilder.execute [90m(D:\Billiard_APPS\backend\[39msrc\query-builder\InsertQueryBuilder.ts:164:33[90m)[39m
      at SubjectExecutor.executeInsertOperations [90m(D:\Billiard_APPS\backend\[39msrc\persistence\SubjectExecutor.ts:435:42[90m)[39m
      at SubjectExecutor.execute [90m(D:\Billiard_APPS\backend\[39msrc\persistence\SubjectExecutor.ts:137:9[90m)[39m
      at EntityPersistExecutor.execute [90m(D:\Billiard_APPS\backend\[39msrc\persistence\EntityPersistExecutor.ts:182:21[90m)[39m
      at ChatService.sendMessage [90m(D:\Billiard_APPS\backend\[39msrc\chat\chat.service.ts:26:26[90m)[39m
      at CoachingService.coachHighOccupancyUpsell [90m(D:\Billiard_APPS\backend\[39msrc\ai\coaching.service.ts:102:9[90m)[39m
      at async Promise.all (index 1) {
    length: [33m295[39m,
    severity: [32m'ERROR'[39m,
    code: [32m'23503'[39m,
    detail: [32m'Key (senderId)=(0) tidak ada dalam table « users ».'[39m,
    hint: [90mundefined[39m,
    position: [90mundefined[39m,
    internalPosition: [90mundefined[39m,
    internalQuery: [90mundefined[39m,
    where: [90mundefined[39m,
    schema: [32m'public'[39m,
    table: [32m'chat_messages'[39m,
    column: [90mundefined[39m,
    dataType: [90mundefined[39m,
    constraint: [32m'FK_fc6b58e41e9a871dacbe9077def'[39m,
    file: [32m'ri_triggers.c'[39m,
    line: [32m'2783'[39m,
    routine: [32m'ri_ReportViolation'[39m
  },
  length: [33m295[39m,
  severity: [32m'ERROR'[39m,
  code: [32m'23503'[39m,
  detail: [32m'Key (senderId)=(0) tidak ada dalam table « users ».'[39m,
  hint: [90mundefined[39m,
  position: [90mundefined[39m,
  internalPosition: [90mundefined[39m,
  internalQuery: [90mundefined[39m,
  where: [90mundefined[39m,
  schema: [32m'public'[39m,
  table: [32m'chat_messages'[39m,
  column: [90mundefined[39m,
  dataType: [90mundefined[39m,
  constraint: [32m'FK_fc6b58e41e9a871dacbe9077def'[39m,
  file: [32m'ri_triggers.c'[39m,
  line: [32m'2783'[39m,
  routine: [32m'ri_ReportViolation'[39m
}
[31m[Nest] 3148  - [39m18/03/2026, 04.00.00 [31m  ERROR[39m [38;5;3m[AIService] [39m[31mFailed to save AI state: Cannot find any save handlers for URL 'file://D:\Billiard_APPS\backend\storage\ai\dqn_model'[39m
CRITICAL: Failed to save chat message: QueryFailedError: insert atau update pada table « chat_messages » menyalahin aturan foreign key « FK_fc6b58e41e9a871dacbe9077def »
    at PostgresQueryRunner.query (D:\Billiard_APPS\backend\src\driver\postgres\PostgresQueryRunner.ts:325:19)
    at processTicksAndRejections (node:internal/process/task_queues:105:5)
    at InsertQueryBuilder.execute (D:\Billiard_APPS\backend\src\query-builder\InsertQueryBuilder.ts:164:33)
    at SubjectExecutor.executeInsertOperations (D:\Billiard_APPS\backend\src\persistence\SubjectExecutor.ts:435:42)
    at SubjectExecutor.execute (D:\Billiard_APPS\backend\src\persistence\SubjectExecutor.ts:137:9)
    at EntityPersistExecutor.execute (D:\Billiard_APPS\backend\src\persistence\EntityPersistExecutor.ts:182:21)
    at ChatService.sendMessage (D:\Billiard_APPS\backend\src\chat\chat.service.ts:26:26)
    at CoachingService.coachHighOccupancyUpsell (D:\Billiard_APPS\backend\src\ai\coaching.service.ts:102:9)
    at async Promise.all (index 1)
    at CoachingService.runAutomatedCoaching (D:\Billiard_APPS\backend\src\ai\coaching.service.ts:62:5) {
  query: 'INSERT INTO "chat_messages"("senderId", "receiverId", "message", "timestamp", "isRead", "type", "readByUserId") VALUES ($1, $2, $3, DEFAULT, DEFAULT, $4, $5) RETURNING "id", "timestamp", "isRead", "type"',
  parameters: [
    0,
    9,
    '🔥 Restoran sedang ramai! Ini momen tepat untuk upselling minuman dingin atau cemilan cepat saji (Fast Bites). Ayo tingkatkan rata-rata struk!',
    'AI_COACH',
    '[0]'
  ],
  driverError: error: insert atau update pada table « chat_messages » menyalahin aturan foreign key « FK_fc6b58e41e9a871dacbe9077def »
      at D:\Billiard_APPS\backend\node_modules\pg\lib\client.js:624:17
      at processTicksAndRejections (node:internal/process/task_queues:105:5)
      at PostgresQueryRunner.query (D:\Billiard_APPS\backend\src\driver\postgres\PostgresQueryRunner.ts:254:25)
      at InsertQueryBuilder.execute (D:\Billiard_APPS\backend\src\query-builder\InsertQueryBuilder.ts:164:33)
      at SubjectExecutor.executeInsertOperations (D:\Billiard_APPS\backend\src\persistence\SubjectExecutor.ts:435:42)
      at SubjectExecutor.execute (D:\Billiard_APPS\backend\src\persistence\SubjectExecutor.ts:137:9)
      at EntityPersistExecutor.execute (D:\Billiard_APPS\backend\src\persistence\EntityPersistExecutor.ts:182:21)
      at ChatService.sendMessage (D:\Billiard_APPS\backend\src\chat\chat.service.ts:26:26)
      at CoachingService.coachHighOccupancyUpsell (D:\Billiard_APPS\backend\src\ai\coaching.service.ts:102:9)
      at async Promise.all (index 1) {
    length: 295,
    severity: 'ERROR',
    code: '23503',
    detail: 'Key (senderId)=(0) tidak ada dalam table « users ».',
    hint: undefined,
    position: undefined,
    internalPosition: undefined,
    internalQuery: undefined,
    where: undefined,
    schema: 'public',
    table: 'chat_messages',
    column: undefined,
    dataType: undefined,
    constraint: 'FK_fc6b58e41e9a871dacbe9077def',
    file: 'ri_triggers.c',
    line: '2783',
    routine: 'ri_ReportViolation'
  },
  length: 295,
  severity: 'ERROR',
  code: '23503',
  detail: 'Key (senderId)=(0) tidak ada dalam table « users ».',
  hint: undefined,
  position: undefined,
  internalPosition: undefined,
  internalQuery: undefined,
  where: undefined,
  schema: 'public',
  table: 'chat_messages',
  column: undefined,
  dataType: undefined,
  constraint: 'FK_fc6b58e41e9a871dacbe9077def',
  file: 'ri_triggers.c',
  line: '2783',
  routine: 'ri_ReportViolation'
}
[31m[Nest] 3148  - [39m18/03/2026, 04.00.00 [31m  ERROR[39m [38;5;3m[Scheduler] [39mQueryFailedError: insert atau update pada table « chat_messages » menyalahin aturan foreign key « FK_fc6b58e41e9a871dacbe9077def »
    at PostgresQueryRunner.query [90m(D:\Billiard_APPS\backend\[39msrc\driver\postgres\PostgresQueryRunner.ts:325:19[90m)[39m
[90m    at processTicksAndRejections (node:internal/process/task_queues:105:5)[39m
    at InsertQueryBuilder.execute [90m(D:\Billiard_APPS\backend\[39msrc\query-builder\InsertQueryBuilder.ts:164:33[90m)[39m
    at SubjectExecutor.executeInsertOperations [90m(D:\Billiard_APPS\backend\[39msrc\persistence\SubjectExecutor.ts:435:42[90m)[39m
    at SubjectExecutor.execute [90m(D:\Billiard_APPS\backend\[39msrc\persistence\SubjectExecutor.ts:137:9[90m)[39m
    at EntityPersistExecutor.execute [90m(D:\Billiard_APPS\backend\[39msrc\persistence\EntityPersistExecutor.ts:182:21[90m)[39m
    at ChatService.sendMessage [90m(D:\Billiard_APPS\backend\[39msrc\chat\chat.service.ts:26:26[90m)[39m
    at CoachingService.coachHighOccupancyUpsell [90m(D:\Billiard_APPS\backend\[39msrc\ai\coaching.service.ts:102:9[90m)[39m
    at async Promise.all (index 1)
    at CoachingService.runAutomatedCoaching [90m(D:\Billiard_APPS\backend\[39msrc\ai\coaching.service.ts:62:5[90m)[39m {
  query: [32m'INSERT INTO "chat_messages"("senderId", "receiverId", "message", "timestamp", "isRead", "type", "readByUserId") VALUES ($1, $2, $3, DEFAULT, DEFAULT, $4, $5) RETURNING "id", "timestamp", "isRead", "type"'[39m,
  parameters: [
    [33m0[39m,
    [33m9[39m,
    [32m'🔥 Restoran sedang ramai! Ini momen tepat untuk upselling minuman dingin atau cemilan cepat saji (Fast Bites). Ayo tingkatkan rata-rata struk!'[39m,
    [32m'AI_COACH'[39m,
    [32m'[0]'[39m
  ],
  driverError: error: insert atau update pada table « chat_messages » menyalahin aturan foreign key « FK_fc6b58e41e9a871dacbe9077def »
      at [90mD:\Billiard_APPS\backend\[39mnode_modules\[4mpg[24m\lib\client.js:624:17
  [90m    at processTicksAndRejections (node:internal/process/task_queues:105:5)[39m
      at PostgresQueryRunner.query [90m(D:\Billiard_APPS\backend\[39msrc\driver\postgres\PostgresQueryRunner.ts:254:25[90m)[39m
      at InsertQueryBuilder.execute [90m(D:\Billiard_APPS\backend\[39msrc\query-builder\InsertQueryBuilder.ts:164:33[90m)[39m
      at SubjectExecutor.executeInsertOperations [90m(D:\Billiard_APPS\backend\[39msrc\persistence\SubjectExecutor.ts:435:42[90m)[39m
      at SubjectExecutor.execute [90m(D:\Billiard_APPS\backend\[39msrc\persistence\SubjectExecutor.ts:137:9[90m)[39m
      at EntityPersistExecutor.execute [90m(D:\Billiard_APPS\backend\[39msrc\persistence\EntityPersistExecutor.ts:182:21[90m)[39m
      at ChatService.sendMessage [90m(D:\Billiard_APPS\backend\[39msrc\chat\chat.service.ts:26:26[90m)[39m
      at CoachingService.coachHighOccupancyUpsell [90m(D:\Billiard_APPS\backend\[39msrc\ai\coaching.service.ts:102:9[90m)[39m
      at async Promise.all (index 1) {
    length: [33m295[39m,
    severity: [32m'ERROR'[39m,
    code: [32m'23503'[39m,
    detail: [32m'Key (senderId)=(0) tidak ada dalam table « users ».'[39m,
    hint: [90mundefined[39m,
    position: [90mundefined[39m,
    internalPosition: [90mundefined[39m,
    internalQuery: [90mundefined[39m,
    where: [90mundefined[39m,
    schema: [32m'public'[39m,
    table: [32m'chat_messages'[39m,
    column: [90mundefined[39m,
    dataType: [90mundefined[39m,
    constraint: [32m'FK_fc6b58e41e9a871dacbe9077def'[39m,
    file: [32m'ri_triggers.c'[39m,
    line: [32m'2783'[39m,
    routine: [32m'ri_ReportViolation'[39m
  },
  length: [33m295[39m,
  severity: [32m'ERROR'[39m,
  code: [32m'23503'[39m,
  detail: [32m'Key (senderId)=(0) tidak ada dalam table « users ».'[39m,
  hint: [90mundefined[39m,
  position: [90mundefined[39m,
  internalPosition: [90mundefined[39m,
  internalQuery: [90mundefined[39m,
  where: [90mundefined[39m,
  schema: [32m'public'[39m,
  table: [32m'chat_messages'[39m,
  column: [90mundefined[39m,
  dataType: [90mundefined[39m,
  constraint: [32m'FK_fc6b58e41e9a871dacbe9077def'[39m,
  file: [32m'ri_triggers.c'[39m,
  line: [32m'2783'[39m,
  routine: [32m'ri_ReportViolation'[39m
}
[31m[Nest] 3148  - [39m18/03/2026, 05.00.00 [31m  ERROR[39m [38;5;3m[AIService] [39m[31mFailed to save AI state: Cannot find any save handlers for URL 'file://D:\Billiard_APPS\backend\storage\ai\dqn_model'[39m
CRITICAL: Failed to save chat message: QueryFailedError: insert atau update pada table « chat_messages » menyalahin aturan foreign key « FK_fc6b58e41e9a871dacbe9077def »
    at PostgresQueryRunner.query (D:\Billiard_APPS\backend\src\driver\postgres\PostgresQueryRunner.ts:325:19)
    at processTicksAndRejections (node:internal/process/task_queues:105:5)
    at InsertQueryBuilder.execute (D:\Billiard_APPS\backend\src\query-builder\InsertQueryBuilder.ts:164:33)
    at SubjectExecutor.executeInsertOperations (D:\Billiard_APPS\backend\src\persistence\SubjectExecutor.ts:435:42)
    at SubjectExecutor.execute (D:\Billiard_APPS\backend\src\persistence\SubjectExecutor.ts:137:9)
    at EntityPersistExecutor.execute (D:\Billiard_APPS\backend\src\persistence\EntityPersistExecutor.ts:182:21)
    at ChatService.sendMessage (D:\Billiard_APPS\backend\src\chat\chat.service.ts:26:26)
    at CoachingService.coachHighOccupancyUpsell (D:\Billiard_APPS\backend\src\ai\coaching.service.ts:102:9)
    at async Promise.all (index 1)
    at CoachingService.runAutomatedCoaching (D:\Billiard_APPS\backend\src\ai\coaching.service.ts:62:5) {
  query: 'INSERT INTO "chat_messages"("senderId", "receiverId", "message", "timestamp", "isRead", "type", "readByUserId") VALUES ($1, $2, $3, DEFAULT, DEFAULT, $4, $5) RETURNING "id", "timestamp", "isRead", "type"',
  parameters: [
    0,
    3,
    '🔥 Restoran sedang ramai! Ini momen tepat untuk upselling minuman dingin atau cemilan cepat saji (Fast Bites). Ayo tingkatkan rata-rata struk!',
    'AI_COACH',
    '[0]'
  ],
  driverError: error: insert atau update pada table « chat_messages » menyalahin aturan foreign key « FK_fc6b58e41e9a871dacbe9077def »
      at D:\Billiard_APPS\backend\node_modules\pg\lib\client.js:624:17
      at processTicksAndRejections (node:internal/process/task_queues:105:5)
      at PostgresQueryRunner.query (D:\Billiard_APPS\backend\src\driver\postgres\PostgresQueryRunner.ts:254:25)
      at InsertQueryBuilder.execute (D:\Billiard_APPS\backend\src\query-builder\InsertQueryBuilder.ts:164:33)
      at SubjectExecutor.executeInsertOperations (D:\Billiard_APPS\backend\src\persistence\SubjectExecutor.ts:435:42)
      at SubjectExecutor.execute (D:\Billiard_APPS\backend\src\persistence\SubjectExecutor.ts:137:9)
      at EntityPersistExecutor.execute (D:\Billiard_APPS\backend\src\persistence\EntityPersistExecutor.ts:182:21)
      at ChatService.sendMessage (D:\Billiard_APPS\backend\src\chat\chat.service.ts:26:26)
      at CoachingService.coachHighOccupancyUpsell (D:\Billiard_APPS\backend\src\ai\coaching.service.ts:102:9)
      at async Promise.all (index 1) {
    length: 295,
    severity: 'ERROR',
    code: '23503',
    detail: 'Key (senderId)=(0) tidak ada dalam table « users ».',
    hint: undefined,
    position: undefined,
    internalPosition: undefined,
    internalQuery: undefined,
    where: undefined,
    schema: 'public',
    table: 'chat_messages',
    column: undefined,
    dataType: undefined,
    constraint: 'FK_fc6b58e41e9a871dacbe9077def',
    file: 'ri_triggers.c',
    line: '2783',
    routine: 'ri_ReportViolation'
  },
  length: 295,
  severity: 'ERROR',
  code: '23503',
  detail: 'Key (senderId)=(0) tidak ada dalam table « users ».',
  hint: undefined,
  position: undefined,
  internalPosition: undefined,
  internalQuery: undefined,
  where: undefined,
  schema: 'public',
  table: 'chat_messages',
  column: undefined,
  dataType: undefined,
  constraint: 'FK_fc6b58e41e9a871dacbe9077def',
  file: 'ri_triggers.c',
  line: '2783',
  routine: 'ri_ReportViolation'
}
[31m[Nest] 3148  - [39m18/03/2026, 05.00.00 [31m  ERROR[39m [38;5;3m[Scheduler] [39mQueryFailedError: insert atau update pada table « chat_messages » menyalahin aturan foreign key « FK_fc6b58e41e9a871dacbe9077def »
    at PostgresQueryRunner.query [90m(D:\Billiard_APPS\backend\[39msrc\driver\postgres\PostgresQueryRunner.ts:325:19[90m)[39m
[90m    at processTicksAndRejections (node:internal/process/task_queues:105:5)[39m
    at InsertQueryBuilder.execute [90m(D:\Billiard_APPS\backend\[39msrc\query-builder\InsertQueryBuilder.ts:164:33[90m)[39m
    at SubjectExecutor.executeInsertOperations [90m(D:\Billiard_APPS\backend\[39msrc\persistence\SubjectExecutor.ts:435:42[90m)[39m
    at SubjectExecutor.execute [90m(D:\Billiard_APPS\backend\[39msrc\persistence\SubjectExecutor.ts:137:9[90m)[39m
    at EntityPersistExecutor.execute [90m(D:\Billiard_APPS\backend\[39msrc\persistence\EntityPersistExecutor.ts:182:21[90m)[39m
    at ChatService.sendMessage [90m(D:\Billiard_APPS\backend\[39msrc\chat\chat.service.ts:26:26[90m)[39m
    at CoachingService.coachHighOccupancyUpsell [90m(D:\Billiard_APPS\backend\[39msrc\ai\coaching.service.ts:102:9[90m)[39m
    at async Promise.all (index 1)
    at CoachingService.runAutomatedCoaching [90m(D:\Billiard_APPS\backend\[39msrc\ai\coaching.service.ts:62:5[90m)[39m {
  query: [32m'INSERT INTO "chat_messages"("senderId", "receiverId", "message", "timestamp", "isRead", "type", "readByUserId") VALUES ($1, $2, $3, DEFAULT, DEFAULT, $4, $5) RETURNING "id", "timestamp", "isRead", "type"'[39m,
  parameters: [
    [33m0[39m,
    [33m3[39m,
    [32m'🔥 Restoran sedang ramai! Ini momen tepat untuk upselling minuman dingin atau cemilan cepat saji (Fast Bites). Ayo tingkatkan rata-rata struk!'[39m,
    [32m'AI_COACH'[39m,
    [32m'[0]'[39m
  ],
  driverError: error: insert atau update pada table « chat_messages » menyalahin aturan foreign key « FK_fc6b58e41e9a871dacbe9077def »
      at [90mD:\Billiard_APPS\backend\[39mnode_modules\[4mpg[24m\lib\client.js:624:17
  [90m    at processTicksAndRejections (node:internal/process/task_queues:105:5)[39m
      at PostgresQueryRunner.query [90m(D:\Billiard_APPS\backend\[39msrc\driver\postgres\PostgresQueryRunner.ts:254:25[90m)[39m
      at InsertQueryBuilder.execute [90m(D:\Billiard_APPS\backend\[39msrc\query-builder\InsertQueryBuilder.ts:164:33[90m)[39m
      at SubjectExecutor.executeInsertOperations [90m(D:\Billiard_APPS\backend\[39msrc\persistence\SubjectExecutor.ts:435:42[90m)[39m
      at SubjectExecutor.execute [90m(D:\Billiard_APPS\backend\[39msrc\persistence\SubjectExecutor.ts:137:9[90m)[39m
      at EntityPersistExecutor.execute [90m(D:\Billiard_APPS\backend\[39msrc\persistence\EntityPersistExecutor.ts:182:21[90m)[39m
      at ChatService.sendMessage [90m(D:\Billiard_APPS\backend\[39msrc\chat\chat.service.ts:26:26[90m)[39m
      at CoachingService.coachHighOccupancyUpsell [90m(D:\Billiard_APPS\backend\[39msrc\ai\coaching.service.ts:102:9[90m)[39m
      at async Promise.all (index 1) {
    length: [33m295[39m,
    severity: [32m'ERROR'[39m,
    code: [32m'23503'[39m,
    detail: [32m'Key (senderId)=(0) tidak ada dalam table « users ».'[39m,
    hint: [90mundefined[39m,
    position: [90mundefined[39m,
    internalPosition: [90mundefined[39m,
    internalQuery: [90mundefined[39m,
    where: [90mundefined[39m,
    schema: [32m'public'[39m,
    table: [32m'chat_messages'[39m,
    column: [90mundefined[39m,
    dataType: [90mundefined[39m,
    constraint: [32m'FK_fc6b58e41e9a871dacbe9077def'[39m,
    file: [32m'ri_triggers.c'[39m,
    line: [32m'2783'[39m,
    routine: [32m'ri_ReportViolation'[39m
  },
  length: [33m295[39m,
  severity: [32m'ERROR'[39m,
  code: [32m'23503'[39m,
  detail: [32m'Key (senderId)=(0) tidak ada dalam table « users ».'[39m,
  hint: [90mundefined[39m,
  position: [90mundefined[39m,
  internalPosition: [90mundefined[39m,
  internalQuery: [90mundefined[39m,
  where: [90mundefined[39m,
  schema: [32m'public'[39m,
  table: [32m'chat_messages'[39m,
  column: [90mundefined[39m,
  dataType: [90mundefined[39m,
  constraint: [32m'FK_fc6b58e41e9a871dacbe9077def'[39m,
  file: [32m'ri_triggers.c'[39m,
  line: [32m'2783'[39m,
  routine: [32m'ri_ReportViolation'[39m
}
CRITICAL: Failed to save chat message: QueryFailedError: insert atau update pada table « chat_messages » menyalahin aturan foreign key « FK_fc6b58e41e9a871dacbe9077def »
    at PostgresQueryRunner.query (D:\Billiard_APPS\backend\src\driver\postgres\PostgresQueryRunner.ts:325:19)
    at processTicksAndRejections (node:internal/process/task_queues:105:5)
    at InsertQueryBuilder.execute (D:\Billiard_APPS\backend\src\query-builder\InsertQueryBuilder.ts:164:33)
    at SubjectExecutor.executeInsertOperations (D:\Billiard_APPS\backend\src\persistence\SubjectExecutor.ts:435:42)
    at SubjectExecutor.execute (D:\Billiard_APPS\backend\src\persistence\SubjectExecutor.ts:137:9)
    at EntityPersistExecutor.execute (D:\Billiard_APPS\backend\src\persistence\EntityPersistExecutor.ts:182:21)
    at ChatService.sendMessage (D:\Billiard_APPS\backend\src\chat\chat.service.ts:26:26)
    at CoachingService.coachLowPerformanceWaiters (D:\Billiard_APPS\backend\src\ai\coaching.service.ts:87:9)
    at async Promise.all (index 0)
    at CoachingService.runAutomatedCoaching (D:\Billiard_APPS\backend\src\ai\coaching.service.ts:62:5) {
  query: 'INSERT INTO "chat_messages"("senderId", "receiverId", "message", "timestamp", "isRead", "type", "readByUserId") VALUES ($1, $2, $3, DEFAULT, DEFAULT, $4, $5) RETURNING "id", "timestamp", "isRead", "type"',
  parameters: [
    0,
    5,
    "Halo caca, AI mendeteksi ROI-mu sedikit di bawah rata-rata hari ini. Coba tawarkan menu 'Best Seller' atau paket Billiard tambahan ke pelanggan di mejamu ya! Semangat! 💪",
    'AI_COACH',
    '[0]'
  ],
  driverError: error: insert atau update pada table « chat_messages » menyalahin aturan foreign key « FK_fc6b58e41e9a871dacbe9077def »
      at D:\Billiard_APPS\backend\node_modules\pg\lib\client.js:624:17
      at processTicksAndRejections (node:internal/process/task_queues:105:5)
      at PostgresQueryRunner.query (D:\Billiard_APPS\backend\src\driver\postgres\PostgresQueryRunner.ts:254:25)
      at InsertQueryBuilder.execute (D:\Billiard_APPS\backend\src\query-builder\InsertQueryBuilder.ts:164:33)
      at SubjectExecutor.executeInsertOperations (D:\Billiard_APPS\backend\src\persistence\SubjectExecutor.ts:435:42)
      at SubjectExecutor.execute (D:\Billiard_APPS\backend\src\persistence\SubjectExecutor.ts:137:9)
      at EntityPersistExecutor.execute (D:\Billiard_APPS\backend\src\persistence\EntityPersistExecutor.ts:182:21)
      at ChatService.sendMessage (D:\Billiard_APPS\backend\src\chat\chat.service.ts:26:26)
      at CoachingService.coachLowPerformanceWaiters (D:\Billiard_APPS\backend\src\ai\coaching.service.ts:87:9)
      at async Promise.all (index 0) {
    length: 295,
    severity: 'ERROR',
    code: '23503',
    detail: 'Key (senderId)=(0) tidak ada dalam table « users ».',
    hint: undefined,
    position: undefined,
    internalPosition: undefined,
    internalQuery: undefined,
    where: undefined,
    schema: 'public',
    table: 'chat_messages',
    column: undefined,
    dataType: undefined,
    constraint: 'FK_fc6b58e41e9a871dacbe9077def',
    file: 'ri_triggers.c',
    line: '2783',
    routine: 'ri_ReportViolation'
  },
  length: 295,
  severity: 'ERROR',
  code: '23503',
  detail: 'Key (senderId)=(0) tidak ada dalam table « users ».',
  hint: undefined,
  position: undefined,
  internalPosition: undefined,
  internalQuery: undefined,
  where: undefined,
  schema: 'public',
  table: 'chat_messages',
  column: undefined,
  dataType: undefined,
  constraint: 'FK_fc6b58e41e9a871dacbe9077def',
  file: 'ri_triggers.c',
  line: '2783',
  routine: 'ri_ReportViolation'
}
CRITICAL: Failed to save chat message: QueryFailedError: insert atau update pada table « chat_messages » menyalahin aturan foreign key « FK_fc6b58e41e9a871dacbe9077def »
    at PostgresQueryRunner.query (D:\Billiard_APPS\backend\src\driver\postgres\PostgresQueryRunner.ts:325:19)
    at processTicksAndRejections (node:internal/process/task_queues:105:5)
    at InsertQueryBuilder.execute (D:\Billiard_APPS\backend\src\query-builder\InsertQueryBuilder.ts:164:33)
    at SubjectExecutor.executeInsertOperations (D:\Billiard_APPS\backend\src\persistence\SubjectExecutor.ts:435:42)
    at SubjectExecutor.execute (D:\Billiard_APPS\backend\src\persistence\SubjectExecutor.ts:137:9)
    at EntityPersistExecutor.execute (D:\Billiard_APPS\backend\src\persistence\EntityPersistExecutor.ts:182:21)
    at ChatService.sendMessage (D:\Billiard_APPS\backend\src\chat\chat.service.ts:26:26)
    at CoachingService.coachHighOccupancyUpsell (D:\Billiard_APPS\backend\src\ai\coaching.service.ts:102:9)
    at async Promise.all (index 1)
    at CoachingService.runAutomatedCoaching (D:\Billiard_APPS\backend\src\ai\coaching.service.ts:62:5) {
  query: 'INSERT INTO "chat_messages"("senderId", "receiverId", "message", "timestamp", "isRead", "type", "readByUserId") VALUES ($1, $2, $3, DEFAULT, DEFAULT, $4, $5) RETURNING "id", "timestamp", "isRead", "type"',
  parameters: [
    0,
    5,
    '🔥 Restoran sedang ramai! Ini momen tepat untuk upselling minuman dingin atau cemilan cepat saji (Fast Bites). Ayo tingkatkan rata-rata struk!',
    'AI_COACH',
    '[0]'
  ],
  driverError: error: insert atau update pada table « chat_messages » menyalahin aturan foreign key « FK_fc6b58e41e9a871dacbe9077def »
      at D:\Billiard_APPS\backend\node_modules\pg\lib\client.js:624:17
      at processTicksAndRejections (node:internal/process/task_queues:105:5)
      at PostgresQueryRunner.query (D:\Billiard_APPS\backend\src\driver\postgres\PostgresQueryRunner.ts:254:25)
      at InsertQueryBuilder.execute (D:\Billiard_APPS\backend\src\query-builder\InsertQueryBuilder.ts:164:33)
      at SubjectExecutor.executeInsertOperations (D:\Billiard_APPS\backend\src\persistence\SubjectExecutor.ts:435:42)
      at SubjectExecutor.execute (D:\Billiard_APPS\backend\src\persistence\SubjectExecutor.ts:137:9)
      at EntityPersistExecutor.execute (D:\Billiard_APPS\backend\src\persistence\EntityPersistExecutor.ts:182:21)
      at ChatService.sendMessage (D:\Billiard_APPS\backend\src\chat\chat.service.ts:26:26)
      at CoachingService.coachHighOccupancyUpsell (D:\Billiard_APPS\backend\src\ai\coaching.service.ts:102:9)
      at async Promise.all (index 1) {
    length: 295,
    severity: 'ERROR',
    code: '23503',
    detail: 'Key (senderId)=(0) tidak ada dalam table « users ».',
    hint: undefined,
    position: undefined,
    internalPosition: undefined,
    internalQuery: undefined,
    where: undefined,
    schema: 'public',
    table: 'chat_messages',
    column: undefined,
    dataType: undefined,
    constraint: 'FK_fc6b58e41e9a871dacbe9077def',
    file: 'ri_triggers.c',
    line: '2783',
    routine: 'ri_ReportViolation'
  },
  length: 295,
  severity: 'ERROR',
  code: '23503',
  detail: 'Key (senderId)=(0) tidak ada dalam table « users ».',
  hint: undefined,
  position: undefined,
  internalPosition: undefined,
  internalQuery: undefined,
  where: undefined,
  schema: 'public',
  table: 'chat_messages',
  column: undefined,
  dataType: undefined,
  constraint: 'FK_fc6b58e41e9a871dacbe9077def',
  file: 'ri_triggers.c',
  line: '2783',
  routine: 'ri_ReportViolation'
}
[31m[Nest] 3148  - [39m18/03/2026, 05.30.00 [31m  ERROR[39m [38;5;3m[Scheduler] [39mQueryFailedError: insert atau update pada table « chat_messages » menyalahin aturan foreign key « FK_fc6b58e41e9a871dacbe9077def »
    at PostgresQueryRunner.query [90m(D:\Billiard_APPS\backend\[39msrc\driver\postgres\PostgresQueryRunner.ts:325:19[90m)[39m
[90m    at processTicksAndRejections (node:internal/process/task_queues:105:5)[39m
    at InsertQueryBuilder.execute [90m(D:\Billiard_APPS\backend\[39msrc\query-builder\InsertQueryBuilder.ts:164:33[90m)[39m
    at SubjectExecutor.executeInsertOperations [90m(D:\Billiard_APPS\backend\[39msrc\persistence\SubjectExecutor.ts:435:42[90m)[39m
    at SubjectExecutor.execute [90m(D:\Billiard_APPS\backend\[39msrc\persistence\SubjectExecutor.ts:137:9[90m)[39m
    at EntityPersistExecutor.execute [90m(D:\Billiard_APPS\backend\[39msrc\persistence\EntityPersistExecutor.ts:182:21[90m)[39m
    at ChatService.sendMessage [90m(D:\Billiard_APPS\backend\[39msrc\chat\chat.service.ts:26:26[90m)[39m
    at CoachingService.coachHighOccupancyUpsell [90m(D:\Billiard_APPS\backend\[39msrc\ai\coaching.service.ts:102:9[90m)[39m
    at async Promise.all (index 1)
    at CoachingService.runAutomatedCoaching [90m(D:\Billiard_APPS\backend\[39msrc\ai\coaching.service.ts:62:5[90m)[39m {
  query: [32m'INSERT INTO "chat_messages"("senderId", "receiverId", "message", "timestamp", "isRead", "type", "readByUserId") VALUES ($1, $2, $3, DEFAULT, DEFAULT, $4, $5) RETURNING "id", "timestamp", "isRead", "type"'[39m,
  parameters: [
    [33m0[39m,
    [33m5[39m,
    [32m'🔥 Restoran sedang ramai! Ini momen tepat untuk upselling minuman dingin atau cemilan cepat saji (Fast Bites). Ayo tingkatkan rata-rata struk!'[39m,
    [32m'AI_COACH'[39m,
    [32m'[0]'[39m
  ],
  driverError: error: insert atau update pada table « chat_messages » menyalahin aturan foreign key « FK_fc6b58e41e9a871dacbe9077def »
      at [90mD:\Billiard_APPS\backend\[39mnode_modules\[4mpg[24m\lib\client.js:624:17
  [90m    at processTicksAndRejections (node:internal/process/task_queues:105:5)[39m
      at PostgresQueryRunner.query [90m(D:\Billiard_APPS\backend\[39msrc\driver\postgres\PostgresQueryRunner.ts:254:25[90m)[39m
      at InsertQueryBuilder.execute [90m(D:\Billiard_APPS\backend\[39msrc\query-builder\InsertQueryBuilder.ts:164:33[90m)[39m
      at SubjectExecutor.executeInsertOperations [90m(D:\Billiard_APPS\backend\[39msrc\persistence\SubjectExecutor.ts:435:42[90m)[39m
      at SubjectExecutor.execute [90m(D:\Billiard_APPS\backend\[39msrc\persistence\SubjectExecutor.ts:137:9[90m)[39m
      at EntityPersistExecutor.execute [90m(D:\Billiard_APPS\backend\[39msrc\persistence\EntityPersistExecutor.ts:182:21[90m)[39m
      at ChatService.sendMessage [90m(D:\Billiard_APPS\backend\[39msrc\chat\chat.service.ts:26:26[90m)[39m
      at CoachingService.coachHighOccupancyUpsell [90m(D:\Billiard_APPS\backend\[39msrc\ai\coaching.service.ts:102:9[90m)[39m
      at async Promise.all (index 1) {
    length: [33m295[39m,
    severity: [32m'ERROR'[39m,
    code: [32m'23503'[39m,
    detail: [32m'Key (senderId)=(0) tidak ada dalam table « users ».'[39m,
    hint: [90mundefined[39m,
    position: [90mundefined[39m,
    internalPosition: [90mundefined[39m,
    internalQuery: [90mundefined[39m,
    where: [90mundefined[39m,
    schema: [32m'public'[39m,
    table: [32m'chat_messages'[39m,
    column: [90mundefined[39m,
    dataType: [90mundefined[39m,
    constraint: [32m'FK_fc6b58e41e9a871dacbe9077def'[39m,
    file: [32m'ri_triggers.c'[39m,
    line: [32m'2783'[39m,
    routine: [32m'ri_ReportViolation'[39m
  },
  length: [33m295[39m,
  severity: [32m'ERROR'[39m,
  code: [32m'23503'[39m,
  detail: [32m'Key (senderId)=(0) tidak ada dalam table « users ».'[39m,
  hint: [90mundefined[39m,
  position: [90mundefined[39m,
  internalPosition: [90mundefined[39m,
  internalQuery: [90mundefined[39m,
  where: [90mundefined[39m,
  schema: [32m'public'[39m,
  table: [32m'chat_messages'[39m,
  column: [90mundefined[39m,
  dataType: [90mundefined[39m,
  constraint: [32m'FK_fc6b58e41e9a871dacbe9077def'[39m,
  file: [32m'ri_triggers.c'[39m,
  line: [32m'2783'[39m,
  routine: [32m'ri_ReportViolation'[39m
}
[31m[Nest] 3148  - [39m18/03/2026, 06.00.00 [31m  ERROR[39m [38;5;3m[AIService] [39m[31mFailed to save AI state: Cannot find any save handlers for URL 'file://D:\Billiard_APPS\backend\storage\ai\dqn_model'[39m
CRITICAL: Failed to save chat message: QueryFailedError: insert atau update pada table « chat_messages » menyalahin aturan foreign key « FK_fc6b58e41e9a871dacbe9077def »
    at PostgresQueryRunner.query (D:\Billiard_APPS\backend\src\driver\postgres\PostgresQueryRunner.ts:325:19)
    at processTicksAndRejections (node:internal/process/task_queues:105:5)
    at InsertQueryBuilder.execute (D:\Billiard_APPS\backend\src\query-builder\InsertQueryBuilder.ts:164:33)
    at SubjectExecutor.executeInsertOperations (D:\Billiard_APPS\backend\src\persistence\SubjectExecutor.ts:435:42)
    at SubjectExecutor.execute (D:\Billiard_APPS\backend\src\persistence\SubjectExecutor.ts:137:9)
    at EntityPersistExecutor.execute (D:\Billiard_APPS\backend\src\persistence\EntityPersistExecutor.ts:182:21)
    at ChatService.sendMessage (D:\Billiard_APPS\backend\src\chat\chat.service.ts:26:26)
    at CoachingService.coachHighOccupancyUpsell (D:\Billiard_APPS\backend\src\ai\coaching.service.ts:102:9)
    at async Promise.all (index 1)
    at CoachingService.runAutomatedCoaching (D:\Billiard_APPS\backend\src\ai\coaching.service.ts:62:5) {
  query: 'INSERT INTO "chat_messages"("senderId", "receiverId", "message", "timestamp", "isRead", "type", "readByUserId") VALUES ($1, $2, $3, DEFAULT, DEFAULT, $4, $5) RETURNING "id", "timestamp", "isRead", "type"',
  parameters: [
    0,
    4,
    '🔥 Restoran sedang ramai! Ini momen tepat untuk upselling minuman dingin atau cemilan cepat saji (Fast Bites). Ayo tingkatkan rata-rata struk!',
    'AI_COACH',
    '[0]'
  ],
  driverError: error: insert atau update pada table « chat_messages » menyalahin aturan foreign key « FK_fc6b58e41e9a871dacbe9077def »
      at D:\Billiard_APPS\backend\node_modules\pg\lib\client.js:624:17
      at processTicksAndRejections (node:internal/process/task_queues:105:5)
      at PostgresQueryRunner.query (D:\Billiard_APPS\backend\src\driver\postgres\PostgresQueryRunner.ts:254:25)
      at InsertQueryBuilder.execute (D:\Billiard_APPS\backend\src\query-builder\InsertQueryBuilder.ts:164:33)
      at SubjectExecutor.executeInsertOperations (D:\Billiard_APPS\backend\src\persistence\SubjectExecutor.ts:435:42)
      at SubjectExecutor.execute (D:\Billiard_APPS\backend\src\persistence\SubjectExecutor.ts:137:9)
      at EntityPersistExecutor.execute (D:\Billiard_APPS\backend\src\persistence\EntityPersistExecutor.ts:182:21)
      at ChatService.sendMessage (D:\Billiard_APPS\backend\src\chat\chat.service.ts:26:26)
      at CoachingService.coachHighOccupancyUpsell (D:\Billiard_APPS\backend\src\ai\coaching.service.ts:102:9)
      at async Promise.all (index 1) {
    length: 295,
    severity: 'ERROR',
    code: '23503',
    detail: 'Key (senderId)=(0) tidak ada dalam table « users ».',
    hint: undefined,
    position: undefined,
    internalPosition: undefined,
    internalQuery: undefined,
    where: undefined,
    schema: 'public',
    table: 'chat_messages',
    column: undefined,
    dataType: undefined,
    constraint: 'FK_fc6b58e41e9a871dacbe9077def',
    file: 'ri_triggers.c',
    line: '2783',
    routine: 'ri_ReportViolation'
  },
  length: 295,
  severity: 'ERROR',
  code: '23503',
  detail: 'Key (senderId)=(0) tidak ada dalam table « users ».',
  hint: undefined,
  position: undefined,
  internalPosition: undefined,
  internalQuery: undefined,
  where: undefined,
  schema: 'public',
  table: 'chat_messages',
  column: undefined,
  dataType: undefined,
  constraint: 'FK_fc6b58e41e9a871dacbe9077def',
  file: 'ri_triggers.c',
  line: '2783',
  routine: 'ri_ReportViolation'
}
[31m[Nest] 3148  - [39m18/03/2026, 06.00.00 [31m  ERROR[39m [38;5;3m[Scheduler] [39mQueryFailedError: insert atau update pada table « chat_messages » menyalahin aturan foreign key « FK_fc6b58e41e9a871dacbe9077def »
    at PostgresQueryRunner.query [90m(D:\Billiard_APPS\backend\[39msrc\driver\postgres\PostgresQueryRunner.ts:325:19[90m)[39m
[90m    at processTicksAndRejections (node:internal/process/task_queues:105:5)[39m
    at InsertQueryBuilder.execute [90m(D:\Billiard_APPS\backend\[39msrc\query-builder\InsertQueryBuilder.ts:164:33[90m)[39m
    at SubjectExecutor.executeInsertOperations [90m(D:\Billiard_APPS\backend\[39msrc\persistence\SubjectExecutor.ts:435:42[90m)[39m
    at SubjectExecutor.execute [90m(D:\Billiard_APPS\backend\[39msrc\persistence\SubjectExecutor.ts:137:9[90m)[39m
    at EntityPersistExecutor.execute [90m(D:\Billiard_APPS\backend\[39msrc\persistence\EntityPersistExecutor.ts:182:21[90m)[39m
    at ChatService.sendMessage [90m(D:\Billiard_APPS\backend\[39msrc\chat\chat.service.ts:26:26[90m)[39m
    at CoachingService.coachHighOccupancyUpsell [90m(D:\Billiard_APPS\backend\[39msrc\ai\coaching.service.ts:102:9[90m)[39m
    at async Promise.all (index 1)
    at CoachingService.runAutomatedCoaching [90m(D:\Billiard_APPS\backend\[39msrc\ai\coaching.service.ts:62:5[90m)[39m {
  query: [32m'INSERT INTO "chat_messages"("senderId", "receiverId", "message", "timestamp", "isRead", "type", "readByUserId") VALUES ($1, $2, $3, DEFAULT, DEFAULT, $4, $5) RETURNING "id", "timestamp", "isRead", "type"'[39m,
  parameters: [
    [33m0[39m,
    [33m4[39m,
    [32m'🔥 Restoran sedang ramai! Ini momen tepat untuk upselling minuman dingin atau cemilan cepat saji (Fast Bites). Ayo tingkatkan rata-rata struk!'[39m,
    [32m'AI_COACH'[39m,
    [32m'[0]'[39m
  ],
  driverError: error: insert atau update pada table « chat_messages » menyalahin aturan foreign key « FK_fc6b58e41e9a871dacbe9077def »
      at [90mD:\Billiard_APPS\backend\[39mnode_modules\[4mpg[24m\lib\client.js:624:17
  [90m    at processTicksAndRejections (node:internal/process/task_queues:105:5)[39m
      at PostgresQueryRunner.query [90m(D:\Billiard_APPS\backend\[39msrc\driver\postgres\PostgresQueryRunner.ts:254:25[90m)[39m
      at InsertQueryBuilder.execute [90m(D:\Billiard_APPS\backend\[39msrc\query-builder\InsertQueryBuilder.ts:164:33[90m)[39m
      at SubjectExecutor.executeInsertOperations [90m(D:\Billiard_APPS\backend\[39msrc\persistence\SubjectExecutor.ts:435:42[90m)[39m
      at SubjectExecutor.execute [90m(D:\Billiard_APPS\backend\[39msrc\persistence\SubjectExecutor.ts:137:9[90m)[39m
      at EntityPersistExecutor.execute [90m(D:\Billiard_APPS\backend\[39msrc\persistence\EntityPersistExecutor.ts:182:21[90m)[39m
      at ChatService.sendMessage [90m(D:\Billiard_APPS\backend\[39msrc\chat\chat.service.ts:26:26[90m)[39m
      at CoachingService.coachHighOccupancyUpsell [90m(D:\Billiard_APPS\backend\[39msrc\ai\coaching.service.ts:102:9[90m)[39m
      at async Promise.all (index 1) {
    length: [33m295[39m,
    severity: [32m'ERROR'[39m,
    code: [32m'23503'[39m,
    detail: [32m'Key (senderId)=(0) tidak ada dalam table « users ».'[39m,
    hint: [90mundefined[39m,
    position: [90mundefined[39m,
    internalPosition: [90mundefined[39m,
    internalQuery: [90mundefined[39m,
    where: [90mundefined[39m,
    schema: [32m'public'[39m,
    table: [32m'chat_messages'[39m,
    column: [90mundefined[39m,
    dataType: [90mundefined[39m,
    constraint: [32m'FK_fc6b58e41e9a871dacbe9077def'[39m,
    file: [32m'ri_triggers.c'[39m,
    line: [32m'2783'[39m,
    routine: [32m'ri_ReportViolation'[39m
  },
  length: [33m295[39m,
  severity: [32m'ERROR'[39m,
  code: [32m'23503'[39m,
  detail: [32m'Key (senderId)=(0) tidak ada dalam table « users ».'[39m,
  hint: [90mundefined[39m,
  position: [90mundefined[39m,
  internalPosition: [90mundefined[39m,
  internalQuery: [90mundefined[39m,
  where: [90mundefined[39m,
  schema: [32m'public'[39m,
  table: [32m'chat_messages'[39m,
  column: [90mundefined[39m,
  dataType: [90mundefined[39m,
  constraint: [32m'FK_fc6b58e41e9a871dacbe9077def'[39m,
  file: [32m'ri_triggers.c'[39m,
  line: [32m'2783'[39m,
  routine: [32m'ri_ReportViolation'[39m
}
CRITICAL: Failed to save chat message: QueryFailedError: insert atau update pada table « chat_messages » menyalahin aturan foreign key « FK_fc6b58e41e9a871dacbe9077def »
    at PostgresQueryRunner.query (D:\Billiard_APPS\backend\src\driver\postgres\PostgresQueryRunner.ts:325:19)
    at processTicksAndRejections (node:internal/process/task_queues:105:5)
    at InsertQueryBuilder.execute (D:\Billiard_APPS\backend\src\query-builder\InsertQueryBuilder.ts:164:33)
    at SubjectExecutor.executeInsertOperations (D:\Billiard_APPS\backend\src\persistence\SubjectExecutor.ts:435:42)
    at SubjectExecutor.execute (D:\Billiard_APPS\backend\src\persistence\SubjectExecutor.ts:137:9)
    at EntityPersistExecutor.execute (D:\Billiard_APPS\backend\src\persistence\EntityPersistExecutor.ts:182:21)
    at ChatService.sendMessage (D:\Billiard_APPS\backend\src\chat\chat.service.ts:26:26)
    at CoachingService.coachHighOccupancyUpsell (D:\Billiard_APPS\backend\src\ai\coaching.service.ts:102:9)
    at async Promise.all (index 1)
    at CoachingService.runAutomatedCoaching (D:\Billiard_APPS\backend\src\ai\coaching.service.ts:62:5) {
  query: 'INSERT INTO "chat_messages"("senderId", "receiverId", "message", "timestamp", "isRead", "type", "readByUserId") VALUES ($1, $2, $3, DEFAULT, DEFAULT, $4, $5) RETURNING "id", "timestamp", "isRead", "type"',
  parameters: [
    0,
    9,
    '🔥 Restoran sedang ramai! Ini momen tepat untuk upselling minuman dingin atau cemilan cepat saji (Fast Bites). Ayo tingkatkan rata-rata struk!',
    'AI_COACH',
    '[0]'
  ],
  driverError: error: insert atau update pada table « chat_messages » menyalahin aturan foreign key « FK_fc6b58e41e9a871dacbe9077def »
      at D:\Billiard_APPS\backend\node_modules\pg\lib\client.js:624:17
      at processTicksAndRejections (node:internal/process/task_queues:105:5)
      at PostgresQueryRunner.query (D:\Billiard_APPS\backend\src\driver\postgres\PostgresQueryRunner.ts:254:25)
      at InsertQueryBuilder.execute (D:\Billiard_APPS\backend\src\query-builder\InsertQueryBuilder.ts:164:33)
      at SubjectExecutor.executeInsertOperations (D:\Billiard_APPS\backend\src\persistence\SubjectExecutor.ts:435:42)
      at SubjectExecutor.execute (D:\Billiard_APPS\backend\src\persistence\SubjectExecutor.ts:137:9)
      at EntityPersistExecutor.execute (D:\Billiard_APPS\backend\src\persistence\EntityPersistExecutor.ts:182:21)
      at ChatService.sendMessage (D:\Billiard_APPS\backend\src\chat\chat.service.ts:26:26)
      at CoachingService.coachHighOccupancyUpsell (D:\Billiard_APPS\backend\src\ai\coaching.service.ts:102:9)
      at async Promise.all (index 1) {
    length: 295,
    severity: 'ERROR',
    code: '23503',
    detail: 'Key (senderId)=(0) tidak ada dalam table « users ».',
    hint: undefined,
    position: undefined,
    internalPosition: undefined,
    internalQuery: undefined,
    where: undefined,
    schema: 'public',
    table: 'chat_messages',
    column: undefined,
    dataType: undefined,
    constraint: 'FK_fc6b58e41e9a871dacbe9077def',
    file: 'ri_triggers.c',
    line: '2783',
    routine: 'ri_ReportViolation'
  },
  length: 295,
  severity: 'ERROR',
  code: '23503',
  detail: 'Key (senderId)=(0) tidak ada dalam table « users ».',
  hint: undefined,
  position: undefined,
  internalPosition: undefined,
  internalQuery: undefined,
  where: undefined,
  schema: 'public',
  table: 'chat_messages',
  column: undefined,
  dataType: undefined,
  constraint: 'FK_fc6b58e41e9a871dacbe9077def',
  file: 'ri_triggers.c',
  line: '2783',
  routine: 'ri_ReportViolation'
}
[31m[Nest] 3148  - [39m18/03/2026, 06.30.00 [31m  ERROR[39m [38;5;3m[Scheduler] [39mQueryFailedError: insert atau update pada table « chat_messages » menyalahin aturan foreign key « FK_fc6b58e41e9a871dacbe9077def »
    at PostgresQueryRunner.query [90m(D:\Billiard_APPS\backend\[39msrc\driver\postgres\PostgresQueryRunner.ts:325:19[90m)[39m
[90m    at processTicksAndRejections (node:internal/process/task_queues:105:5)[39m
    at InsertQueryBuilder.execute [90m(D:\Billiard_APPS\backend\[39msrc\query-builder\InsertQueryBuilder.ts:164:33[90m)[39m
    at SubjectExecutor.executeInsertOperations [90m(D:\Billiard_APPS\backend\[39msrc\persistence\SubjectExecutor.ts:435:42[90m)[39m
    at SubjectExecutor.execute [90m(D:\Billiard_APPS\backend\[39msrc\persistence\SubjectExecutor.ts:137:9[90m)[39m
    at EntityPersistExecutor.execute [90m(D:\Billiard_APPS\backend\[39msrc\persistence\EntityPersistExecutor.ts:182:21[90m)[39m
    at ChatService.sendMessage [90m(D:\Billiard_APPS\backend\[39msrc\chat\chat.service.ts:26:26[90m)[39m
    at CoachingService.coachHighOccupancyUpsell [90m(D:\Billiard_APPS\backend\[39msrc\ai\coaching.service.ts:102:9[90m)[39m
    at async Promise.all (index 1)
    at CoachingService.runAutomatedCoaching [90m(D:\Billiard_APPS\backend\[39msrc\ai\coaching.service.ts:62:5[90m)[39m {
  query: [32m'INSERT INTO "chat_messages"("senderId", "receiverId", "message", "timestamp", "isRead", "type", "readByUserId") VALUES ($1, $2, $3, DEFAULT, DEFAULT, $4, $5) RETURNING "id", "timestamp", "isRead", "type"'[39m,
  parameters: [
    [33m0[39m,
    [33m9[39m,
    [32m'🔥 Restoran sedang ramai! Ini momen tepat untuk upselling minuman dingin atau cemilan cepat saji (Fast Bites). Ayo tingkatkan rata-rata struk!'[39m,
    [32m'AI_COACH'[39m,
    [32m'[0]'[39m
  ],
  driverError: error: insert atau update pada table « chat_messages » menyalahin aturan foreign key « FK_fc6b58e41e9a871dacbe9077def »
      at [90mD:\Billiard_APPS\backend\[39mnode_modules\[4mpg[24m\lib\client.js:624:17
  [90m    at processTicksAndRejections (node:internal/process/task_queues:105:5)[39m
      at PostgresQueryRunner.query [90m(D:\Billiard_APPS\backend\[39msrc\driver\postgres\PostgresQueryRunner.ts:254:25[90m)[39m
      at InsertQueryBuilder.execute [90m(D:\Billiard_APPS\backend\[39msrc\query-builder\InsertQueryBuilder.ts:164:33[90m)[39m
      at SubjectExecutor.executeInsertOperations [90m(D:\Billiard_APPS\backend\[39msrc\persistence\SubjectExecutor.ts:435:42[90m)[39m
      at SubjectExecutor.execute [90m(D:\Billiard_APPS\backend\[39msrc\persistence\SubjectExecutor.ts:137:9[90m)[39m
      at EntityPersistExecutor.execute [90m(D:\Billiard_APPS\backend\[39msrc\persistence\EntityPersistExecutor.ts:182:21[90m)[39m
      at ChatService.sendMessage [90m(D:\Billiard_APPS\backend\[39msrc\chat\chat.service.ts:26:26[90m)[39m
      at CoachingService.coachHighOccupancyUpsell [90m(D:\Billiard_APPS\backend\[39msrc\ai\coaching.service.ts:102:9[90m)[39m
      at async Promise.all (index 1) {
    length: [33m295[39m,
    severity: [32m'ERROR'[39m,
    code: [32m'23503'[39m,
    detail: [32m'Key (senderId)=(0) tidak ada dalam table « users ».'[39m,
    hint: [90mundefined[39m,
    position: [90mundefined[39m,
    internalPosition: [90mundefined[39m,
    internalQuery: [90mundefined[39m,
    where: [90mundefined[39m,
    schema: [32m'public'[39m,
    table: [32m'chat_messages'[39m,
    column: [90mundefined[39m,
    dataType: [90mundefined[39m,
    constraint: [32m'FK_fc6b58e41e9a871dacbe9077def'[39m,
    file: [32m'ri_triggers.c'[39m,
    line: [32m'2783'[39m,
    routine: [32m'ri_ReportViolation'[39m
  },
  length: [33m295[39m,
  severity: [32m'ERROR'[39m,
  code: [32m'23503'[39m,
  detail: [32m'Key (senderId)=(0) tidak ada dalam table « users ».'[39m,
  hint: [90mundefined[39m,
  position: [90mundefined[39m,
  internalPosition: [90mundefined[39m,
  internalQuery: [90mundefined[39m,
  where: [90mundefined[39m,
  schema: [32m'public'[39m,
  table: [32m'chat_messages'[39m,
  column: [90mundefined[39m,
  dataType: [90mundefined[39m,
  constraint: [32m'FK_fc6b58e41e9a871dacbe9077def'[39m,
  file: [32m'ri_triggers.c'[39m,
  line: [32m'2783'[39m,
  routine: [32m'ri_ReportViolation'[39m
}
[31m[Nest] 3148  - [39m18/03/2026, 07.00.00 [31m  ERROR[39m [38;5;3m[AIService] [39m[31mFailed to save AI state: Cannot find any save handlers for URL 'file://D:\Billiard_APPS\backend\storage\ai\dqn_model'[39m
CRITICAL: Failed to save chat message: QueryFailedError: insert atau update pada table « chat_messages » menyalahin aturan foreign key « FK_fc6b58e41e9a871dacbe9077def »
    at PostgresQueryRunner.query (D:\Billiard_APPS\backend\src\driver\postgres\PostgresQueryRunner.ts:325:19)
    at processTicksAndRejections (node:internal/process/task_queues:105:5)
    at InsertQueryBuilder.execute (D:\Billiard_APPS\backend\src\query-builder\InsertQueryBuilder.ts:164:33)
    at SubjectExecutor.executeInsertOperations (D:\Billiard_APPS\backend\src\persistence\SubjectExecutor.ts:435:42)
    at SubjectExecutor.execute (D:\Billiard_APPS\backend\src\persistence\SubjectExecutor.ts:137:9)
    at EntityPersistExecutor.execute (D:\Billiard_APPS\backend\src\persistence\EntityPersistExecutor.ts:182:21)
    at ChatService.sendMessage (D:\Billiard_APPS\backend\src\chat\chat.service.ts:26:26)
    at CoachingService.coachHighOccupancyUpsell (D:\Billiard_APPS\backend\src\ai\coaching.service.ts:102:9)
    at async Promise.all (index 1)
    at CoachingService.runAutomatedCoaching (D:\Billiard_APPS\backend\src\ai\coaching.service.ts:62:5) {
  query: 'INSERT INTO "chat_messages"("senderId", "receiverId", "message", "timestamp", "isRead", "type", "readByUserId") VALUES ($1, $2, $3, DEFAULT, DEFAULT, $4, $5) RETURNING "id", "timestamp", "isRead", "type"',
  parameters: [
    0,
    3,
    '🔥 Restoran sedang ramai! Ini momen tepat untuk upselling minuman dingin atau cemilan cepat saji (Fast Bites). Ayo tingkatkan rata-rata struk!',
    'AI_COACH',
    '[0]'
  ],
  driverError: error: insert atau update pada table « chat_messages » menyalahin aturan foreign key « FK_fc6b58e41e9a871dacbe9077def »
      at D:\Billiard_APPS\backend\node_modules\pg\lib\client.js:624:17
      at processTicksAndRejections (node:internal/process/task_queues:105:5)
      at PostgresQueryRunner.query (D:\Billiard_APPS\backend\src\driver\postgres\PostgresQueryRunner.ts:254:25)
      at InsertQueryBuilder.execute (D:\Billiard_APPS\backend\src\query-builder\InsertQueryBuilder.ts:164:33)
      at SubjectExecutor.executeInsertOperations (D:\Billiard_APPS\backend\src\persistence\SubjectExecutor.ts:435:42)
      at SubjectExecutor.execute (D:\Billiard_APPS\backend\src\persistence\SubjectExecutor.ts:137:9)
      at EntityPersistExecutor.execute (D:\Billiard_APPS\backend\src\persistence\EntityPersistExecutor.ts:182:21)
      at ChatService.sendMessage (D:\Billiard_APPS\backend\src\chat\chat.service.ts:26:26)
      at CoachingService.coachHighOccupancyUpsell (D:\Billiard_APPS\backend\src\ai\coaching.service.ts:102:9)
      at async Promise.all (index 1) {
    length: 295,
    severity: 'ERROR',
    code: '23503',
    detail: 'Key (senderId)=(0) tidak ada dalam table « users ».',
    hint: undefined,
    position: undefined,
    internalPosition: undefined,
    internalQuery: undefined,
    where: undefined,
    schema: 'public',
    table: 'chat_messages',
    column: undefined,
    dataType: undefined,
    constraint: 'FK_fc6b58e41e9a871dacbe9077def',
    file: 'ri_triggers.c',
    line: '2783',
    routine: 'ri_ReportViolation'
  },
  length: 295,
  severity: 'ERROR',
  code: '23503',
  detail: 'Key (senderId)=(0) tidak ada dalam table « users ».',
  hint: undefined,
  position: undefined,
  internalPosition: undefined,
  internalQuery: undefined,
  where: undefined,
  schema: 'public',
  table: 'chat_messages',
  column: undefined,
  dataType: undefined,
  constraint: 'FK_fc6b58e41e9a871dacbe9077def',
  file: 'ri_triggers.c',
  line: '2783',
  routine: 'ri_ReportViolation'
}
[31m[Nest] 3148  - [39m18/03/2026, 07.00.00 [31m  ERROR[39m [38;5;3m[Scheduler] [39mQueryFailedError: insert atau update pada table « chat_messages » menyalahin aturan foreign key « FK_fc6b58e41e9a871dacbe9077def »
    at PostgresQueryRunner.query [90m(D:\Billiard_APPS\backend\[39msrc\driver\postgres\PostgresQueryRunner.ts:325:19[90m)[39m
[90m    at processTicksAndRejections (node:internal/process/task_queues:105:5)[39m
    at InsertQueryBuilder.execute [90m(D:\Billiard_APPS\backend\[39msrc\query-builder\InsertQueryBuilder.ts:164:33[90m)[39m
    at SubjectExecutor.executeInsertOperations [90m(D:\Billiard_APPS\backend\[39msrc\persistence\SubjectExecutor.ts:435:42[90m)[39m
    at SubjectExecutor.execute [90m(D:\Billiard_APPS\backend\[39msrc\persistence\SubjectExecutor.ts:137:9[90m)[39m
    at EntityPersistExecutor.execute [90m(D:\Billiard_APPS\backend\[39msrc\persistence\EntityPersistExecutor.ts:182:21[90m)[39m
    at ChatService.sendMessage [90m(D:\Billiard_APPS\backend\[39msrc\chat\chat.service.ts:26:26[90m)[39m
    at CoachingService.coachHighOccupancyUpsell [90m(D:\Billiard_APPS\backend\[39msrc\ai\coaching.service.ts:102:9[90m)[39m
    at async Promise.all (index 1)
    at CoachingService.runAutomatedCoaching [90m(D:\Billiard_APPS\backend\[39msrc\ai\coaching.service.ts:62:5[90m)[39m {
  query: [32m'INSERT INTO "chat_messages"("senderId", "receiverId", "message", "timestamp", "isRead", "type", "readByUserId") VALUES ($1, $2, $3, DEFAULT, DEFAULT, $4, $5) RETURNING "id", "timestamp", "isRead", "type"'[39m,
  parameters: [
    [33m0[39m,
    [33m3[39m,
    [32m'🔥 Restoran sedang ramai! Ini momen tepat untuk upselling minuman dingin atau cemilan cepat saji (Fast Bites). Ayo tingkatkan rata-rata struk!'[39m,
    [32m'AI_COACH'[39m,
    [32m'[0]'[39m
  ],
  driverError: error: insert atau update pada table « chat_messages » menyalahin aturan foreign key « FK_fc6b58e41e9a871dacbe9077def »
      at [90mD:\Billiard_APPS\backend\[39mnode_modules\[4mpg[24m\lib\client.js:624:17
  [90m    at processTicksAndRejections (node:internal/process/task_queues:105:5)[39m
      at PostgresQueryRunner.query [90m(D:\Billiard_APPS\backend\[39msrc\driver\postgres\PostgresQueryRunner.ts:254:25[90m)[39m
      at InsertQueryBuilder.execute [90m(D:\Billiard_APPS\backend\[39msrc\query-builder\InsertQueryBuilder.ts:164:33[90m)[39m
      at SubjectExecutor.executeInsertOperations [90m(D:\Billiard_APPS\backend\[39msrc\persistence\SubjectExecutor.ts:435:42[90m)[39m
      at SubjectExecutor.execute [90m(D:\Billiard_APPS\backend\[39msrc\persistence\SubjectExecutor.ts:137:9[90m)[39m
      at EntityPersistExecutor.execute [90m(D:\Billiard_APPS\backend\[39msrc\persistence\EntityPersistExecutor.ts:182:21[90m)[39m
      at ChatService.sendMessage [90m(D:\Billiard_APPS\backend\[39msrc\chat\chat.service.ts:26:26[90m)[39m
      at CoachingService.coachHighOccupancyUpsell [90m(D:\Billiard_APPS\backend\[39msrc\ai\coaching.service.ts:102:9[90m)[39m
      at async Promise.all (index 1) {
    length: [33m295[39m,
    severity: [32m'ERROR'[39m,
    code: [32m'23503'[39m,
    detail: [32m'Key (senderId)=(0) tidak ada dalam table « users ».'[39m,
    hint: [90mundefined[39m,
    position: [90mundefined[39m,
    internalPosition: [90mundefined[39m,
    internalQuery: [90mundefined[39m,
    where: [90mundefined[39m,
    schema: [32m'public'[39m,
    table: [32m'chat_messages'[39m,
    column: [90mundefined[39m,
    dataType: [90mundefined[39m,
    constraint: [32m'FK_fc6b58e41e9a871dacbe9077def'[39m,
    file: [32m'ri_triggers.c'[39m,
    line: [32m'2783'[39m,
    routine: [32m'ri_ReportViolation'[39m
  },
  length: [33m295[39m,
  severity: [32m'ERROR'[39m,
  code: [32m'23503'[39m,
  detail: [32m'Key (senderId)=(0) tidak ada dalam table « users ».'[39m,
  hint: [90mundefined[39m,
  position: [90mundefined[39m,
  internalPosition: [90mundefined[39m,
  internalQuery: [90mundefined[39m,
  where: [90mundefined[39m,
  schema: [32m'public'[39m,
  table: [32m'chat_messages'[39m,
  column: [90mundefined[39m,
  dataType: [90mundefined[39m,
  constraint: [32m'FK_fc6b58e41e9a871dacbe9077def'[39m,
  file: [32m'ri_triggers.c'[39m,
  line: [32m'2783'[39m,
  routine: [32m'ri_ReportViolation'[39m
}
CRITICAL: Failed to save chat message: QueryFailedError: insert atau update pada table « chat_messages » menyalahin aturan foreign key « FK_fc6b58e41e9a871dacbe9077def »
    at PostgresQueryRunner.query (D:\Billiard_APPS\backend\src\driver\postgres\PostgresQueryRunner.ts:325:19)
    at processTicksAndRejections (node:internal/process/task_queues:105:5)
    at InsertQueryBuilder.execute (D:\Billiard_APPS\backend\src\query-builder\InsertQueryBuilder.ts:164:33)
    at SubjectExecutor.executeInsertOperations (D:\Billiard_APPS\backend\src\persistence\SubjectExecutor.ts:435:42)
    at SubjectExecutor.execute (D:\Billiard_APPS\backend\src\persistence\SubjectExecutor.ts:137:9)
    at EntityPersistExecutor.execute (D:\Billiard_APPS\backend\src\persistence\EntityPersistExecutor.ts:182:21)
    at ChatService.sendMessage (D:\Billiard_APPS\backend\src\chat\chat.service.ts:26:26)
    at CoachingService.coachLowPerformanceWaiters (D:\Billiard_APPS\backend\src\ai\coaching.service.ts:87:9)
    at async Promise.all (index 0) {
  query: 'INSERT INTO "chat_messages"("senderId", "receiverId", "message", "timestamp", "isRead", "type", "readByUserId") VALUES ($1, $2, $3, DEFAULT, DEFAULT, $4, $5) RETURNING "id", "timestamp", "isRead", "type"',
  parameters: [
    0,
    5,
    "Halo caca, AI mendeteksi ROI-mu sedikit di bawah rata-rata hari ini. Coba tawarkan menu 'Best Seller' atau paket Billiard tambahan ke pelanggan di mejamu ya! Semangat! 💪",
    'AI_COACH',
    '[0]'
  ],
  driverError: error: insert atau update pada table « chat_messages » menyalahin aturan foreign key « FK_fc6b58e41e9a871dacbe9077def »
      at D:\Billiard_APPS\backend\node_modules\pg\lib\client.js:624:17
      at processTicksAndRejections (node:internal/process/task_queues:105:5)
      at PostgresQueryRunner.query (D:\Billiard_APPS\backend\src\driver\postgres\PostgresQueryRunner.ts:254:25)
      at InsertQueryBuilder.execute (D:\Billiard_APPS\backend\src\query-builder\InsertQueryBuilder.ts:164:33)
      at SubjectExecutor.executeInsertOperations (D:\Billiard_APPS\backend\src\persistence\SubjectExecutor.ts:435:42)
      at SubjectExecutor.execute (D:\Billiard_APPS\backend\src\persistence\SubjectExecutor.ts:137:9)
      at EntityPersistExecutor.execute (D:\Billiard_APPS\backend\src\persistence\EntityPersistExecutor.ts:182:21)
      at ChatService.sendMessage (D:\Billiard_APPS\backend\src\chat\chat.service.ts:26:26)
      at CoachingService.coachLowPerformanceWaiters (D:\Billiard_APPS\backend\src\ai\coaching.service.ts:87:9)
      at async Promise.all (index 0) {
    length: 295,
    severity: 'ERROR',
    code: '23503',
    detail: 'Key (senderId)=(0) tidak ada dalam table « users ».',
    hint: undefined,
    position: undefined,
    internalPosition: undefined,
    internalQuery: undefined,
    where: undefined,
    schema: 'public',
    table: 'chat_messages',
    column: undefined,
    dataType: undefined,
    constraint: 'FK_fc6b58e41e9a871dacbe9077def',
    file: 'ri_triggers.c',
    line: '2783',
    routine: 'ri_ReportViolation'
  },
  length: 295,
  severity: 'ERROR',
  code: '23503',
  detail: 'Key (senderId)=(0) tidak ada dalam table « users ».',
  hint: undefined,
  position: undefined,
  internalPosition: undefined,
  internalQuery: undefined,
  where: undefined,
  schema: 'public',
  table: 'chat_messages',
  column: undefined,
  dataType: undefined,
  constraint: 'FK_fc6b58e41e9a871dacbe9077def',
  file: 'ri_triggers.c',
  line: '2783',
  routine: 'ri_ReportViolation'
}
CRITICAL: Failed to save chat message: QueryFailedError: insert atau update pada table « chat_messages » menyalahin aturan foreign key « FK_fc6b58e41e9a871dacbe9077def »
    at PostgresQueryRunner.query (D:\Billiard_APPS\backend\src\driver\postgres\PostgresQueryRunner.ts:325:19)
    at processTicksAndRejections (node:internal/process/task_queues:105:5)
    at InsertQueryBuilder.execute (D:\Billiard_APPS\backend\src\query-builder\InsertQueryBuilder.ts:164:33)
    at SubjectExecutor.executeInsertOperations (D:\Billiard_APPS\backend\src\persistence\SubjectExecutor.ts:435:42)
    at SubjectExecutor.execute (D:\Billiard_APPS\backend\src\persistence\SubjectExecutor.ts:137:9)
    at EntityPersistExecutor.execute (D:\Billiard_APPS\backend\src\persistence\EntityPersistExecutor.ts:182:21)
    at ChatService.sendMessage (D:\Billiard_APPS\backend\src\chat\chat.service.ts:26:26)
    at CoachingService.coachHighOccupancyUpsell (D:\Billiard_APPS\backend\src\ai\coaching.service.ts:102:9)
    at async Promise.all (index 1)
    at CoachingService.runAutomatedCoaching (D:\Billiard_APPS\backend\src\ai\coaching.service.ts:62:5) {
  query: 'INSERT INTO "chat_messages"("senderId", "receiverId", "message", "timestamp", "isRead", "type", "readByUserId") VALUES ($1, $2, $3, DEFAULT, DEFAULT, $4, $5) RETURNING "id", "timestamp", "isRead", "type"',
  parameters: [
    0,
    5,
    '🔥 Restoran sedang ramai! Ini momen tepat untuk upselling minuman dingin atau cemilan cepat saji (Fast Bites). Ayo tingkatkan rata-rata struk!',
    'AI_COACH',
    '[0]'
  ],
  driverError: error: insert atau update pada table « chat_messages » menyalahin aturan foreign key « FK_fc6b58e41e9a871dacbe9077def »
      at D:\Billiard_APPS\backend\node_modules\pg\lib\client.js:624:17
      at processTicksAndRejections (node:internal/process/task_queues:105:5)
      at PostgresQueryRunner.query (D:\Billiard_APPS\backend\src\driver\postgres\PostgresQueryRunner.ts:254:25)
      at InsertQueryBuilder.execute (D:\Billiard_APPS\backend\src\query-builder\InsertQueryBuilder.ts:164:33)
      at SubjectExecutor.executeInsertOperations (D:\Billiard_APPS\backend\src\persistence\SubjectExecutor.ts:435:42)
      at SubjectExecutor.execute (D:\Billiard_APPS\backend\src\persistence\SubjectExecutor.ts:137:9)
      at EntityPersistExecutor.execute (D:\Billiard_APPS\backend\src\persistence\EntityPersistExecutor.ts:182:21)
      at ChatService.sendMessage (D:\Billiard_APPS\backend\src\chat\chat.service.ts:26:26)
      at CoachingService.coachHighOccupancyUpsell (D:\Billiard_APPS\backend\src\ai\coaching.service.ts:102:9)
      at async Promise.all (index 1) {
    length: 295,
    severity: 'ERROR',
    code: '23503',
    detail: 'Key (senderId)=(0) tidak ada dalam table « users ».',
    hint: undefined,
    position: undefined,
    internalPosition: undefined,
    internalQuery: undefined,
    where: undefined,
    schema: 'public',
    table: 'chat_messages',
    column: undefined,
    dataType: undefined,
    constraint: 'FK_fc6b58e41e9a871dacbe9077def',
    file: 'ri_triggers.c',
    line: '2783',
    routine: 'ri_ReportViolation'
  },
  length: 295,
  severity: 'ERROR',
  code: '23503',
  detail: 'Key (senderId)=(0) tidak ada dalam table « users ».',
  hint: undefined,
  position: undefined,
  internalPosition: undefined,
  internalQuery: undefined,
  where: undefined,
  schema: 'public',
  table: 'chat_messages',
  column: undefined,
  dataType: undefined,
  constraint: 'FK_fc6b58e41e9a871dacbe9077def',
  file: 'ri_triggers.c',
  line: '2783',
  routine: 'ri_ReportViolation'
}
[31m[Nest] 3148  - [39m18/03/2026, 07.30.00 [31m  ERROR[39m [38;5;3m[Scheduler] [39mQueryFailedError: insert atau update pada table « chat_messages » menyalahin aturan foreign key « FK_fc6b58e41e9a871dacbe9077def »
    at PostgresQueryRunner.query [90m(D:\Billiard_APPS\backend\[39msrc\driver\postgres\PostgresQueryRunner.ts:325:19[90m)[39m
[90m    at processTicksAndRejections (node:internal/process/task_queues:105:5)[39m
    at InsertQueryBuilder.execute [90m(D:\Billiard_APPS\backend\[39msrc\query-builder\InsertQueryBuilder.ts:164:33[90m)[39m
    at SubjectExecutor.executeInsertOperations [90m(D:\Billiard_APPS\backend\[39msrc\persistence\SubjectExecutor.ts:435:42[90m)[39m
    at SubjectExecutor.execute [90m(D:\Billiard_APPS\backend\[39msrc\persistence\SubjectExecutor.ts:137:9[90m)[39m
    at EntityPersistExecutor.execute [90m(D:\Billiard_APPS\backend\[39msrc\persistence\EntityPersistExecutor.ts:182:21[90m)[39m
    at ChatService.sendMessage [90m(D:\Billiard_APPS\backend\[39msrc\chat\chat.service.ts:26:26[90m)[39m
    at CoachingService.coachHighOccupancyUpsell [90m(D:\Billiard_APPS\backend\[39msrc\ai\coaching.service.ts:102:9[90m)[39m
    at async Promise.all (index 1)
    at CoachingService.runAutomatedCoaching [90m(D:\Billiard_APPS\backend\[39msrc\ai\coaching.service.ts:62:5[90m)[39m {
  query: [32m'INSERT INTO "chat_messages"("senderId", "receiverId", "message", "timestamp", "isRead", "type", "readByUserId") VALUES ($1, $2, $3, DEFAULT, DEFAULT, $4, $5) RETURNING "id", "timestamp", "isRead", "type"'[39m,
  parameters: [
    [33m0[39m,
    [33m5[39m,
    [32m'🔥 Restoran sedang ramai! Ini momen tepat untuk upselling minuman dingin atau cemilan cepat saji (Fast Bites). Ayo tingkatkan rata-rata struk!'[39m,
    [32m'AI_COACH'[39m,
    [32m'[0]'[39m
  ],
  driverError: error: insert atau update pada table « chat_messages » menyalahin aturan foreign key « FK_fc6b58e41e9a871dacbe9077def »
      at [90mD:\Billiard_APPS\backend\[39mnode_modules\[4mpg[24m\lib\client.js:624:17
  [90m    at processTicksAndRejections (node:internal/process/task_queues:105:5)[39m
      at PostgresQueryRunner.query [90m(D:\Billiard_APPS\backend\[39msrc\driver\postgres\PostgresQueryRunner.ts:254:25[90m)[39m
      at InsertQueryBuilder.execute [90m(D:\Billiard_APPS\backend\[39msrc\query-builder\InsertQueryBuilder.ts:164:33[90m)[39m
      at SubjectExecutor.executeInsertOperations [90m(D:\Billiard_APPS\backend\[39msrc\persistence\SubjectExecutor.ts:435:42[90m)[39m
      at SubjectExecutor.execute [90m(D:\Billiard_APPS\backend\[39msrc\persistence\SubjectExecutor.ts:137:9[90m)[39m
      at EntityPersistExecutor.execute [90m(D:\Billiard_APPS\backend\[39msrc\persistence\EntityPersistExecutor.ts:182:21[90m)[39m
      at ChatService.sendMessage [90m(D:\Billiard_APPS\backend\[39msrc\chat\chat.service.ts:26:26[90m)[39m
      at CoachingService.coachHighOccupancyUpsell [90m(D:\Billiard_APPS\backend\[39msrc\ai\coaching.service.ts:102:9[90m)[39m
      at async Promise.all (index 1) {
    length: [33m295[39m,
    severity: [32m'ERROR'[39m,
    code: [32m'23503'[39m,
    detail: [32m'Key (senderId)=(0) tidak ada dalam table « users ».'[39m,
    hint: [90mundefined[39m,
    position: [90mundefined[39m,
    internalPosition: [90mundefined[39m,
    internalQuery: [90mundefined[39m,
    where: [90mundefined[39m,
    schema: [32m'public'[39m,
    table: [32m'chat_messages'[39m,
    column: [90mundefined[39m,
    dataType: [90mundefined[39m,
    constraint: [32m'FK_fc6b58e41e9a871dacbe9077def'[39m,
    file: [32m'ri_triggers.c'[39m,
    line: [32m'2783'[39m,
    routine: [32m'ri_ReportViolation'[39m
  },
  length: [33m295[39m,
  severity: [32m'ERROR'[39m,
  code: [32m'23503'[39m,
  detail: [32m'Key (senderId)=(0) tidak ada dalam table « users ».'[39m,
  hint: [90mundefined[39m,
  position: [90mundefined[39m,
  internalPosition: [90mundefined[39m,
  internalQuery: [90mundefined[39m,
  where: [90mundefined[39m,
  schema: [32m'public'[39m,
  table: [32m'chat_messages'[39m,
  column: [90mundefined[39m,
  dataType: [90mundefined[39m,
  constraint: [32m'FK_fc6b58e41e9a871dacbe9077def'[39m,
  file: [32m'ri_triggers.c'[39m,
  line: [32m'2783'[39m,
  routine: [32m'ri_ReportViolation'[39m
}
[31m[Nest] 3148  - [39m18/03/2026, 08.00.00 [31m  ERROR[39m [38;5;3m[AIService] [39m[31mFailed to save AI state: Cannot find any save handlers for URL 'file://D:\Billiard_APPS\backend\storage\ai\dqn_model'[39m
CRITICAL: Failed to save chat message: QueryFailedError: insert atau update pada table « chat_messages » menyalahin aturan foreign key « FK_fc6b58e41e9a871dacbe9077def »
    at PostgresQueryRunner.query (D:\Billiard_APPS\backend\src\driver\postgres\PostgresQueryRunner.ts:325:19)
    at processTicksAndRejections (node:internal/process/task_queues:105:5)
    at InsertQueryBuilder.execute (D:\Billiard_APPS\backend\src\query-builder\InsertQueryBuilder.ts:164:33)
    at SubjectExecutor.executeInsertOperations (D:\Billiard_APPS\backend\src\persistence\SubjectExecutor.ts:435:42)
    at SubjectExecutor.execute (D:\Billiard_APPS\backend\src\persistence\SubjectExecutor.ts:137:9)
    at EntityPersistExecutor.execute (D:\Billiard_APPS\backend\src\persistence\EntityPersistExecutor.ts:182:21)
    at ChatService.sendMessage (D:\Billiard_APPS\backend\src\chat\chat.service.ts:26:26)
    at CoachingService.coachHighOccupancyUpsell (D:\Billiard_APPS\backend\src\ai\coaching.service.ts:102:9)
    at async Promise.all (index 1)
    at CoachingService.runAutomatedCoaching (D:\Billiard_APPS\backend\src\ai\coaching.service.ts:62:5) {
  query: 'INSERT INTO "chat_messages"("senderId", "receiverId", "message", "timestamp", "isRead", "type", "readByUserId") VALUES ($1, $2, $3, DEFAULT, DEFAULT, $4, $5) RETURNING "id", "timestamp", "isRead", "type"',
  parameters: [
    0,
    4,
    '🔥 Restoran sedang ramai! Ini momen tepat untuk upselling minuman dingin atau cemilan cepat saji (Fast Bites). Ayo tingkatkan rata-rata struk!',
    'AI_COACH',
    '[0]'
  ],
  driverError: error: insert atau update pada table « chat_messages » menyalahin aturan foreign key « FK_fc6b58e41e9a871dacbe9077def »
      at D:\Billiard_APPS\backend\node_modules\pg\lib\client.js:624:17
      at processTicksAndRejections (node:internal/process/task_queues:105:5)
      at PostgresQueryRunner.query (D:\Billiard_APPS\backend\src\driver\postgres\PostgresQueryRunner.ts:254:25)
      at InsertQueryBuilder.execute (D:\Billiard_APPS\backend\src\query-builder\InsertQueryBuilder.ts:164:33)
      at SubjectExecutor.executeInsertOperations (D:\Billiard_APPS\backend\src\persistence\SubjectExecutor.ts:435:42)
      at SubjectExecutor.execute (D:\Billiard_APPS\backend\src\persistence\SubjectExecutor.ts:137:9)
      at EntityPersistExecutor.execute (D:\Billiard_APPS\backend\src\persistence\EntityPersistExecutor.ts:182:21)
      at ChatService.sendMessage (D:\Billiard_APPS\backend\src\chat\chat.service.ts:26:26)
      at CoachingService.coachHighOccupancyUpsell (D:\Billiard_APPS\backend\src\ai\coaching.service.ts:102:9)
      at async Promise.all (index 1) {
    length: 295,
    severity: 'ERROR',
    code: '23503',
    detail: 'Key (senderId)=(0) tidak ada dalam table « users ».',
    hint: undefined,
    position: undefined,
    internalPosition: undefined,
    internalQuery: undefined,
    where: undefined,
    schema: 'public',
    table: 'chat_messages',
    column: undefined,
    dataType: undefined,
    constraint: 'FK_fc6b58e41e9a871dacbe9077def',
    file: 'ri_triggers.c',
    line: '2783',
    routine: 'ri_ReportViolation'
  },
  length: 295,
  severity: 'ERROR',
  code: '23503',
  detail: 'Key (senderId)=(0) tidak ada dalam table « users ».',
  hint: undefined,
  position: undefined,
  internalPosition: undefined,
  internalQuery: undefined,
  where: undefined,
  schema: 'public',
  table: 'chat_messages',
  column: undefined,
  dataType: undefined,
  constraint: 'FK_fc6b58e41e9a871dacbe9077def',
  file: 'ri_triggers.c',
  line: '2783',
  routine: 'ri_ReportViolation'
}
[31m[Nest] 3148  - [39m18/03/2026, 08.00.00 [31m  ERROR[39m [38;5;3m[Scheduler] [39mQueryFailedError: insert atau update pada table « chat_messages » menyalahin aturan foreign key « FK_fc6b58e41e9a871dacbe9077def »
    at PostgresQueryRunner.query [90m(D:\Billiard_APPS\backend\[39msrc\driver\postgres\PostgresQueryRunner.ts:325:19[90m)[39m
[90m    at processTicksAndRejections (node:internal/process/task_queues:105:5)[39m
    at InsertQueryBuilder.execute [90m(D:\Billiard_APPS\backend\[39msrc\query-builder\InsertQueryBuilder.ts:164:33[90m)[39m
    at SubjectExecutor.executeInsertOperations [90m(D:\Billiard_APPS\backend\[39msrc\persistence\SubjectExecutor.ts:435:42[90m)[39m
    at SubjectExecutor.execute [90m(D:\Billiard_APPS\backend\[39msrc\persistence\SubjectExecutor.ts:137:9[90m)[39m
    at EntityPersistExecutor.execute [90m(D:\Billiard_APPS\backend\[39msrc\persistence\EntityPersistExecutor.ts:182:21[90m)[39m
    at ChatService.sendMessage [90m(D:\Billiard_APPS\backend\[39msrc\chat\chat.service.ts:26:26[90m)[39m
    at CoachingService.coachHighOccupancyUpsell [90m(D:\Billiard_APPS\backend\[39msrc\ai\coaching.service.ts:102:9[90m)[39m
    at async Promise.all (index 1)
    at CoachingService.runAutomatedCoaching [90m(D:\Billiard_APPS\backend\[39msrc\ai\coaching.service.ts:62:5[90m)[39m {
  query: [32m'INSERT INTO "chat_messages"("senderId", "receiverId", "message", "timestamp", "isRead", "type", "readByUserId") VALUES ($1, $2, $3, DEFAULT, DEFAULT, $4, $5) RETURNING "id", "timestamp", "isRead", "type"'[39m,
  parameters: [
    [33m0[39m,
    [33m4[39m,
    [32m'🔥 Restoran sedang ramai! Ini momen tepat untuk upselling minuman dingin atau cemilan cepat saji (Fast Bites). Ayo tingkatkan rata-rata struk!'[39m,
    [32m'AI_COACH'[39m,
    [32m'[0]'[39m
  ],
  driverError: error: insert atau update pada table « chat_messages » menyalahin aturan foreign key « FK_fc6b58e41e9a871dacbe9077def »
      at [90mD:\Billiard_APPS\backend\[39mnode_modules\[4mpg[24m\lib\client.js:624:17
  [90m    at processTicksAndRejections (node:internal/process/task_queues:105:5)[39m
      at PostgresQueryRunner.query [90m(D:\Billiard_APPS\backend\[39msrc\driver\postgres\PostgresQueryRunner.ts:254:25[90m)[39m
      at InsertQueryBuilder.execute [90m(D:\Billiard_APPS\backend\[39msrc\query-builder\InsertQueryBuilder.ts:164:33[90m)[39m
      at SubjectExecutor.executeInsertOperations [90m(D:\Billiard_APPS\backend\[39msrc\persistence\SubjectExecutor.ts:435:42[90m)[39m
      at SubjectExecutor.execute [90m(D:\Billiard_APPS\backend\[39msrc\persistence\SubjectExecutor.ts:137:9[90m)[39m
      at EntityPersistExecutor.execute [90m(D:\Billiard_APPS\backend\[39msrc\persistence\EntityPersistExecutor.ts:182:21[90m)[39m
      at ChatService.sendMessage [90m(D:\Billiard_APPS\backend\[39msrc\chat\chat.service.ts:26:26[90m)[39m
      at CoachingService.coachHighOccupancyUpsell [90m(D:\Billiard_APPS\backend\[39msrc\ai\coaching.service.ts:102:9[90m)[39m
      at async Promise.all (index 1) {
    length: [33m295[39m,
    severity: [32m'ERROR'[39m,
    code: [32m'23503'[39m,
    detail: [32m'Key (senderId)=(0) tidak ada dalam table « users ».'[39m,
    hint: [90mundefined[39m,
    position: [90mundefined[39m,
    internalPosition: [90mundefined[39m,
    internalQuery: [90mundefined[39m,
    where: [90mundefined[39m,
    schema: [32m'public'[39m,
    table: [32m'chat_messages'[39m,
    column: [90mundefined[39m,
    dataType: [90mundefined[39m,
    constraint: [32m'FK_fc6b58e41e9a871dacbe9077def'[39m,
    file: [32m'ri_triggers.c'[39m,
    line: [32m'2783'[39m,
    routine: [32m'ri_ReportViolation'[39m
  },
  length: [33m295[39m,
  severity: [32m'ERROR'[39m,
  code: [32m'23503'[39m,
  detail: [32m'Key (senderId)=(0) tidak ada dalam table « users ».'[39m,
  hint: [90mundefined[39m,
  position: [90mundefined[39m,
  internalPosition: [90mundefined[39m,
  internalQuery: [90mundefined[39m,
  where: [90mundefined[39m,
  schema: [32m'public'[39m,
  table: [32m'chat_messages'[39m,
  column: [90mundefined[39m,
  dataType: [90mundefined[39m,
  constraint: [32m'FK_fc6b58e41e9a871dacbe9077def'[39m,
  file: [32m'ri_triggers.c'[39m,
  line: [32m'2783'[39m,
  routine: [32m'ri_ReportViolation'[39m
}
CRITICAL: Failed to save chat message: QueryFailedError: insert atau update pada table « chat_messages » menyalahin aturan foreign key « FK_fc6b58e41e9a871dacbe9077def »
    at PostgresQueryRunner.query (D:\Billiard_APPS\backend\src\driver\postgres\PostgresQueryRunner.ts:325:19)
    at processTicksAndRejections (node:internal/process/task_queues:105:5)
    at InsertQueryBuilder.execute (D:\Billiard_APPS\backend\src\query-builder\InsertQueryBuilder.ts:164:33)
    at SubjectExecutor.executeInsertOperations (D:\Billiard_APPS\backend\src\persistence\SubjectExecutor.ts:435:42)
    at SubjectExecutor.execute (D:\Billiard_APPS\backend\src\persistence\SubjectExecutor.ts:137:9)
    at EntityPersistExecutor.execute (D:\Billiard_APPS\backend\src\persistence\EntityPersistExecutor.ts:182:21)
    at ChatService.sendMessage (D:\Billiard_APPS\backend\src\chat\chat.service.ts:26:26)
    at CoachingService.coachHighOccupancyUpsell (D:\Billiard_APPS\backend\src\ai\coaching.service.ts:102:9)
    at async Promise.all (index 1)
    at CoachingService.runAutomatedCoaching (D:\Billiard_APPS\backend\src\ai\coaching.service.ts:62:5) {
  query: 'INSERT INTO "chat_messages"("senderId", "receiverId", "message", "timestamp", "isRead", "type", "readByUserId") VALUES ($1, $2, $3, DEFAULT, DEFAULT, $4, $5) RETURNING "id", "timestamp", "isRead", "type"',
  parameters: [
    0,
    9,
    '🔥 Restoran sedang ramai! Ini momen tepat untuk upselling minuman dingin atau cemilan cepat saji (Fast Bites). Ayo tingkatkan rata-rata struk!',
    'AI_COACH',
    '[0]'
  ],
  driverError: error: insert atau update pada table « chat_messages » menyalahin aturan foreign key « FK_fc6b58e41e9a871dacbe9077def »
      at D:\Billiard_APPS\backend\node_modules\pg\lib\client.js:624:17
      at processTicksAndRejections (node:internal/process/task_queues:105:5)
      at PostgresQueryRunner.query (D:\Billiard_APPS\backend\src\driver\postgres\PostgresQueryRunner.ts:254:25)
      at InsertQueryBuilder.execute (D:\Billiard_APPS\backend\src\query-builder\InsertQueryBuilder.ts:164:33)
      at SubjectExecutor.executeInsertOperations (D:\Billiard_APPS\backend\src\persistence\SubjectExecutor.ts:435:42)
      at SubjectExecutor.execute (D:\Billiard_APPS\backend\src\persistence\SubjectExecutor.ts:137:9)
      at EntityPersistExecutor.execute (D:\Billiard_APPS\backend\src\persistence\EntityPersistExecutor.ts:182:21)
      at ChatService.sendMessage (D:\Billiard_APPS\backend\src\chat\chat.service.ts:26:26)
      at CoachingService.coachHighOccupancyUpsell (D:\Billiard_APPS\backend\src\ai\coaching.service.ts:102:9)
      at async Promise.all (index 1) {
    length: 295,
    severity: 'ERROR',
    code: '23503',
    detail: 'Key (senderId)=(0) tidak ada dalam table « users ».',
    hint: undefined,
    position: undefined,
    internalPosition: undefined,
    internalQuery: undefined,
    where: undefined,
    schema: 'public',
    table: 'chat_messages',
    column: undefined,
    dataType: undefined,
    constraint: 'FK_fc6b58e41e9a871dacbe9077def',
    file: 'ri_triggers.c',
    line: '2783',
    routine: 'ri_ReportViolation'
  },
  length: 295,
  severity: 'ERROR',
  code: '23503',
  detail: 'Key (senderId)=(0) tidak ada dalam table « users ».',
  hint: undefined,
  position: undefined,
  internalPosition: undefined,
  internalQuery: undefined,
  where: undefined,
  schema: 'public',
  table: 'chat_messages',
  column: undefined,
  dataType: undefined,
  constraint: 'FK_fc6b58e41e9a871dacbe9077def',
  file: 'ri_triggers.c',
  line: '2783',
  routine: 'ri_ReportViolation'
}
[31m[Nest] 3148  - [39m18/03/2026, 08.30.00 [31m  ERROR[39m [38;5;3m[Scheduler] [39mQueryFailedError: insert atau update pada table « chat_messages » menyalahin aturan foreign key « FK_fc6b58e41e9a871dacbe9077def »
    at PostgresQueryRunner.query [90m(D:\Billiard_APPS\backend\[39msrc\driver\postgres\PostgresQueryRunner.ts:325:19[90m)[39m
[90m    at processTicksAndRejections (node:internal/process/task_queues:105:5)[39m
    at InsertQueryBuilder.execute [90m(D:\Billiard_APPS\backend\[39msrc\query-builder\InsertQueryBuilder.ts:164:33[90m)[39m
    at SubjectExecutor.executeInsertOperations [90m(D:\Billiard_APPS\backend\[39msrc\persistence\SubjectExecutor.ts:435:42[90m)[39m
    at SubjectExecutor.execute [90m(D:\Billiard_APPS\backend\[39msrc\persistence\SubjectExecutor.ts:137:9[90m)[39m
    at EntityPersistExecutor.execute [90m(D:\Billiard_APPS\backend\[39msrc\persistence\EntityPersistExecutor.ts:182:21[90m)[39m
    at ChatService.sendMessage [90m(D:\Billiard_APPS\backend\[39msrc\chat\chat.service.ts:26:26[90m)[39m
    at CoachingService.coachHighOccupancyUpsell [90m(D:\Billiard_APPS\backend\[39msrc\ai\coaching.service.ts:102:9[90m)[39m
    at async Promise.all (index 1)
    at CoachingService.runAutomatedCoaching [90m(D:\Billiard_APPS\backend\[39msrc\ai\coaching.service.ts:62:5[90m)[39m {
  query: [32m'INSERT INTO "chat_messages"("senderId", "receiverId", "message", "timestamp", "isRead", "type", "readByUserId") VALUES ($1, $2, $3, DEFAULT, DEFAULT, $4, $5) RETURNING "id", "timestamp", "isRead", "type"'[39m,
  parameters: [
    [33m0[39m,
    [33m9[39m,
    [32m'🔥 Restoran sedang ramai! Ini momen tepat untuk upselling minuman dingin atau cemilan cepat saji (Fast Bites). Ayo tingkatkan rata-rata struk!'[39m,
    [32m'AI_COACH'[39m,
    [32m'[0]'[39m
  ],
  driverError: error: insert atau update pada table « chat_messages » menyalahin aturan foreign key « FK_fc6b58e41e9a871dacbe9077def »
      at [90mD:\Billiard_APPS\backend\[39mnode_modules\[4mpg[24m\lib\client.js:624:17
  [90m    at processTicksAndRejections (node:internal/process/task_queues:105:5)[39m
      at PostgresQueryRunner.query [90m(D:\Billiard_APPS\backend\[39msrc\driver\postgres\PostgresQueryRunner.ts:254:25[90m)[39m
      at InsertQueryBuilder.execute [90m(D:\Billiard_APPS\backend\[39msrc\query-builder\InsertQueryBuilder.ts:164:33[90m)[39m
      at SubjectExecutor.executeInsertOperations [90m(D:\Billiard_APPS\backend\[39msrc\persistence\SubjectExecutor.ts:435:42[90m)[39m
      at SubjectExecutor.execute [90m(D:\Billiard_APPS\backend\[39msrc\persistence\SubjectExecutor.ts:137:9[90m)[39m
      at EntityPersistExecutor.execute [90m(D:\Billiard_APPS\backend\[39msrc\persistence\EntityPersistExecutor.ts:182:21[90m)[39m
      at ChatService.sendMessage [90m(D:\Billiard_APPS\backend\[39msrc\chat\chat.service.ts:26:26[90m)[39m
      at CoachingService.coachHighOccupancyUpsell [90m(D:\Billiard_APPS\backend\[39msrc\ai\coaching.service.ts:102:9[90m)[39m
      at async Promise.all (index 1) {
    length: [33m295[39m,
    severity: [32m'ERROR'[39m,
    code: [32m'23503'[39m,
    detail: [32m'Key (senderId)=(0) tidak ada dalam table « users ».'[39m,
    hint: [90mundefined[39m,
    position: [90mundefined[39m,
    internalPosition: [90mundefined[39m,
    internalQuery: [90mundefined[39m,
    where: [90mundefined[39m,
    schema: [32m'public'[39m,
    table: [32m'chat_messages'[39m,
    column: [90mundefined[39m,
    dataType: [90mundefined[39m,
    constraint: [32m'FK_fc6b58e41e9a871dacbe9077def'[39m,
    file: [32m'ri_triggers.c'[39m,
    line: [32m'2783'[39m,
    routine: [32m'ri_ReportViolation'[39m
  },
  length: [33m295[39m,
  severity: [32m'ERROR'[39m,
  code: [32m'23503'[39m,
  detail: [32m'Key (senderId)=(0) tidak ada dalam table « users ».'[39m,
  hint: [90mundefined[39m,
  position: [90mundefined[39m,
  internalPosition: [90mundefined[39m,
  internalQuery: [90mundefined[39m,
  where: [90mundefined[39m,
  schema: [32m'public'[39m,
  table: [32m'chat_messages'[39m,
  column: [90mundefined[39m,
  dataType: [90mundefined[39m,
  constraint: [32m'FK_fc6b58e41e9a871dacbe9077def'[39m,
  file: [32m'ri_triggers.c'[39m,
  line: [32m'2783'[39m,
  routine: [32m'ri_ReportViolation'[39m
}
[31m[Nest] 3148  - [39m18/03/2026, 09.00.00 [31m  ERROR[39m [38;5;3m[AIService] [39m[31mFailed to save AI state: Cannot find any save handlers for URL 'file://D:\Billiard_APPS\backend\storage\ai\dqn_model'[39m
CRITICAL: Failed to save chat message: QueryFailedError: insert atau update pada table « chat_messages » menyalahin aturan foreign key « FK_fc6b58e41e9a871dacbe9077def »
    at PostgresQueryRunner.query (D:\Billiard_APPS\backend\src\driver\postgres\PostgresQueryRunner.ts:325:19)
    at processTicksAndRejections (node:internal/process/task_queues:105:5)
    at InsertQueryBuilder.execute (D:\Billiard_APPS\backend\src\query-builder\InsertQueryBuilder.ts:164:33)
    at SubjectExecutor.executeInsertOperations (D:\Billiard_APPS\backend\src\persistence\SubjectExecutor.ts:435:42)
    at SubjectExecutor.execute (D:\Billiard_APPS\backend\src\persistence\SubjectExecutor.ts:137:9)
    at EntityPersistExecutor.execute (D:\Billiard_APPS\backend\src\persistence\EntityPersistExecutor.ts:182:21)
    at ChatService.sendMessage (D:\Billiard_APPS\backend\src\chat\chat.service.ts:26:26)
    at CoachingService.coachHighOccupancyUpsell (D:\Billiard_APPS\backend\src\ai\coaching.service.ts:102:9)
    at async Promise.all (index 1)
    at CoachingService.runAutomatedCoaching (D:\Billiard_APPS\backend\src\ai\coaching.service.ts:62:5) {
  query: 'INSERT INTO "chat_messages"("senderId", "receiverId", "message", "timestamp", "isRead", "type", "readByUserId") VALUES ($1, $2, $3, DEFAULT, DEFAULT, $4, $5) RETURNING "id", "timestamp", "isRead", "type"',
  parameters: [
    0,
    3,
    '🔥 Restoran sedang ramai! Ini momen tepat untuk upselling minuman dingin atau cemilan cepat saji (Fast Bites). Ayo tingkatkan rata-rata struk!',
    'AI_COACH',
    '[0]'
  ],
  driverError: error: insert atau update pada table « chat_messages » menyalahin aturan foreign key « FK_fc6b58e41e9a871dacbe9077def »
      at D:\Billiard_APPS\backend\node_modules\pg\lib\client.js:624:17
      at processTicksAndRejections (node:internal/process/task_queues:105:5)
      at PostgresQueryRunner.query (D:\Billiard_APPS\backend\src\driver\postgres\PostgresQueryRunner.ts:254:25)
      at InsertQueryBuilder.execute (D:\Billiard_APPS\backend\src\query-builder\InsertQueryBuilder.ts:164:33)
      at SubjectExecutor.executeInsertOperations (D:\Billiard_APPS\backend\src\persistence\SubjectExecutor.ts:435:42)
      at SubjectExecutor.execute (D:\Billiard_APPS\backend\src\persistence\SubjectExecutor.ts:137:9)
      at EntityPersistExecutor.execute (D:\Billiard_APPS\backend\src\persistence\EntityPersistExecutor.ts:182:21)
      at ChatService.sendMessage (D:\Billiard_APPS\backend\src\chat\chat.service.ts:26:26)
      at CoachingService.coachHighOccupancyUpsell (D:\Billiard_APPS\backend\src\ai\coaching.service.ts:102:9)
      at async Promise.all (index 1) {
    length: 295,
    severity: 'ERROR',
    code: '23503',
    detail: 'Key (senderId)=(0) tidak ada dalam table « users ».',
    hint: undefined,
    position: undefined,
    internalPosition: undefined,
    internalQuery: undefined,
    where: undefined,
    schema: 'public',
    table: 'chat_messages',
    column: undefined,
    dataType: undefined,
    constraint: 'FK_fc6b58e41e9a871dacbe9077def',
    file: 'ri_triggers.c',
    line: '2783',
    routine: 'ri_ReportViolation'
  },
  length: 295,
  severity: 'ERROR',
  code: '23503',
  detail: 'Key (senderId)=(0) tidak ada dalam table « users ».',
  hint: undefined,
  position: undefined,
  internalPosition: undefined,
  internalQuery: undefined,
  where: undefined,
  schema: 'public',
  table: 'chat_messages',
  column: undefined,
  dataType: undefined,
  constraint: 'FK_fc6b58e41e9a871dacbe9077def',
  file: 'ri_triggers.c',
  line: '2783',
  routine: 'ri_ReportViolation'
}
[31m[Nest] 3148  - [39m18/03/2026, 09.30.00 [31m  ERROR[39m [38;5;3m[Scheduler] [39mQueryFailedError: insert atau update pada table « chat_messages » menyalahin aturan foreign key « FK_fc6b58e41e9a871dacbe9077def »
    at PostgresQueryRunner.query [90m(D:\Billiard_APPS\backend\[39msrc\driver\postgres\PostgresQueryRunner.ts:325:19[90m)[39m
[90m    at processTicksAndRejections (node:internal/process/task_queues:105:5)[39m
    at InsertQueryBuilder.execute [90m(D:\Billiard_APPS\backend\[39msrc\query-builder\InsertQueryBuilder.ts:164:33[90m)[39m
    at SubjectExecutor.executeInsertOperations [90m(D:\Billiard_APPS\backend\[39msrc\persistence\SubjectExecutor.ts:435:42[90m)[39m
    at SubjectExecutor.execute [90m(D:\Billiard_APPS\backend\[39msrc\persistence\SubjectExecutor.ts:137:9[90m)[39m
    at EntityPersistExecutor.execute [90m(D:\Billiard_APPS\backend\[39msrc\persistence\EntityPersistExecutor.ts:182:21[90m)[39m
    at ChatService.sendMessage [90m(D:\Billiard_APPS\backend\[39msrc\chat\chat.service.ts:26:26[90m)[39m
    at CoachingService.coachHighOccupancyUpsell [90m(D:\Billiard_APPS\backend\[39msrc\ai\coaching.service.ts:102:9[90m)[39m
    at async Promise.all (index 1)
    at CoachingService.runAutomatedCoaching [90m(D:\Billiard_APPS\backend\[39msrc\ai\coaching.service.ts:62:5[90m)[39m {
  query: [32m'INSERT INTO "chat_messages"("senderId", "receiverId", "message", "timestamp", "isRead", "type", "readByUserId") VALUES ($1, $2, $3, DEFAULT, DEFAULT, $4, $5) RETURNING "id", "timestamp", "isRead", "type"'[39m,
  parameters: [
    [33m0[39m,
    [33m3[39m,
    [32m'🔥 Restoran sedang ramai! Ini momen tepat untuk upselling minuman dingin atau cemilan cepat saji (Fast Bites). Ayo tingkatkan rata-rata struk!'[39m,
    [32m'AI_COACH'[39m,
    [32m'[0]'[39m
  ],
  driverError: error: insert atau update pada table « chat_messages » menyalahin aturan foreign key « FK_fc6b58e41e9a871dacbe9077def »
      at [90mD:\Billiard_APPS\backend\[39mnode_modules\[4mpg[24m\lib\client.js:624:17
  [90m    at processTicksAndRejections (node:internal/process/task_queues:105:5)[39m
      at PostgresQueryRunner.query [90m(D:\Billiard_APPS\backend\[39msrc\driver\postgres\PostgresQueryRunner.ts:254:25[90m)[39m
      at InsertQueryBuilder.execute [90m(D:\Billiard_APPS\backend\[39msrc\query-builder\InsertQueryBuilder.ts:164:33[90m)[39m
      at SubjectExecutor.executeInsertOperations [90m(D:\Billiard_APPS\backend\[39msrc\persistence\SubjectExecutor.ts:435:42[90m)[39m
      at SubjectExecutor.execute [90m(D:\Billiard_APPS\backend\[39msrc\persistence\SubjectExecutor.ts:137:9[90m)[39m
      at EntityPersistExecutor.execute [90m(D:\Billiard_APPS\backend\[39msrc\persistence\EntityPersistExecutor.ts:182:21[90m)[39m
      at ChatService.sendMessage [90m(D:\Billiard_APPS\backend\[39msrc\chat\chat.service.ts:26:26[90m)[39m
      at CoachingService.coachHighOccupancyUpsell [90m(D:\Billiard_APPS\backend\[39msrc\ai\coaching.service.ts:102:9[90m)[39m
      at async Promise.all (index 1) {
    length: [33m295[39m,
    severity: [32m'ERROR'[39m,
    code: [32m'23503'[39m,
    detail: [32m'Key (senderId)=(0) tidak ada dalam table « users ».'[39m,
    hint: [90mundefined[39m,
    position: [90mundefined[39m,
    internalPosition: [90mundefined[39m,
    internalQuery: [90mundefined[39m,
    where: [90mundefined[39m,
    schema: [32m'public'[39m,
    table: [32m'chat_messages'[39m,
    column: [90mundefined[39m,
    dataType: [90mundefined[39m,
    constraint: [32m'FK_fc6b58e41e9a871dacbe9077def'[39m,
    file: [32m'ri_triggers.c'[39m,
    line: [32m'2783'[39m,
    routine: [32m'ri_ReportViolation'[39m
  },
  length: [33m295[39m,
  severity: [32m'ERROR'[39m,
  code: [32m'23503'[39m,
  detail: [32m'Key (senderId)=(0) tidak ada dalam table « users ».'[39m,
  hint: [90mundefined[39m,
  position: [90mundefined[39m,
  internalPosition: [90mundefined[39m,
  internalQuery: [90mundefined[39m,
  where: [90mundefined[39m,
  schema: [32m'public'[39m,
  table: [32m'chat_messages'[39m,
  column: [90mundefined[39m,
  dataType: [90mundefined[39m,
  constraint: [32m'FK_fc6b58e41e9a871dacbe9077def'[39m,
  file: [32m'ri_triggers.c'[39m,
  line: [32m'2783'[39m,
  routine: [32m'ri_ReportViolation'[39m
}
CRITICAL: Failed to save chat message: QueryFailedError: insert atau update pada table « chat_messages » menyalahin aturan foreign key « FK_fc6b58e41e9a871dacbe9077def »
    at PostgresQueryRunner.query (D:\Billiard_APPS\backend\src\driver\postgres\PostgresQueryRunner.ts:325:19)
    at processTicksAndRejections (node:internal/process/task_queues:105:5)
    at InsertQueryBuilder.execute (D:\Billiard_APPS\backend\src\query-builder\InsertQueryBuilder.ts:164:33)
    at SubjectExecutor.executeInsertOperations (D:\Billiard_APPS\backend\src\persistence\SubjectExecutor.ts:435:42)
    at SubjectExecutor.execute (D:\Billiard_APPS\backend\src\persistence\SubjectExecutor.ts:137:9)
    at EntityPersistExecutor.execute (D:\Billiard_APPS\backend\src\persistence\EntityPersistExecutor.ts:182:21)
    at ChatService.sendMessage (D:\Billiard_APPS\backend\src\chat\chat.service.ts:26:26)
    at CoachingService.coachLowPerformanceWaiters (D:\Billiard_APPS\backend\src\ai\coaching.service.ts:87:9)
    at async Promise.all (index 0) {
  query: 'INSERT INTO "chat_messages"("senderId", "receiverId", "message", "timestamp", "isRead", "type", "readByUserId") VALUES ($1, $2, $3, DEFAULT, DEFAULT, $4, $5) RETURNING "id", "timestamp", "isRead", "type"',
  parameters: [
    0,
    5,
    "Halo caca, AI mendeteksi ROI-mu sedikit di bawah rata-rata hari ini. Coba tawarkan menu 'Best Seller' atau paket Billiard tambahan ke pelanggan di mejamu ya! Semangat! 💪",
    'AI_COACH',
    '[0]'
  ],
  driverError: error: insert atau update pada table « chat_messages » menyalahin aturan foreign key « FK_fc6b58e41e9a871dacbe9077def »
      at D:\Billiard_APPS\backend\node_modules\pg\lib\client.js:624:17
      at processTicksAndRejections (node:internal/process/task_queues:105:5)
      at PostgresQueryRunner.query (D:\Billiard_APPS\backend\src\driver\postgres\PostgresQueryRunner.ts:254:25)
      at InsertQueryBuilder.execute (D:\Billiard_APPS\backend\src\query-builder\InsertQueryBuilder.ts:164:33)
      at SubjectExecutor.executeInsertOperations (D:\Billiard_APPS\backend\src\persistence\SubjectExecutor.ts:435:42)
      at SubjectExecutor.execute (D:\Billiard_APPS\backend\src\persistence\SubjectExecutor.ts:137:9)
      at EntityPersistExecutor.execute (D:\Billiard_APPS\backend\src\persistence\EntityPersistExecutor.ts:182:21)
      at ChatService.sendMessage (D:\Billiard_APPS\backend\src\chat\chat.service.ts:26:26)
      at CoachingService.coachLowPerformanceWaiters (D:\Billiard_APPS\backend\src\ai\coaching.service.ts:87:9)
      at async Promise.all (index 0) {
    length: 295,
    severity: 'ERROR',
    code: '23503',
    detail: 'Key (senderId)=(0) tidak ada dalam table « users ».',
    hint: undefined,
    position: undefined,
    internalPosition: undefined,
    internalQuery: undefined,
    where: undefined,
    schema: 'public',
    table: 'chat_messages',
    column: undefined,
    dataType: undefined,
    constraint: 'FK_fc6b58e41e9a871dacbe9077def',
    file: 'ri_triggers.c',
    line: '2783',
    routine: 'ri_ReportViolation'
  },
  length: 295,
  severity: 'ERROR',
  code: '23503',
  detail: 'Key (senderId)=(0) tidak ada dalam table « users ».',
  hint: undefined,
  position: undefined,
  internalPosition: undefined,
  internalQuery: undefined,
  where: undefined,
  schema: 'public',
  table: 'chat_messages',
  column: undefined,
  dataType: undefined,
  constraint: 'FK_fc6b58e41e9a871dacbe9077def',
  file: 'ri_triggers.c',
  line: '2783',
  routine: 'ri_ReportViolation'
}
[31m[Nest] 3148  - [39m18/03/2026, 10.00.00 [31m  ERROR[39m [38;5;3m[AIService] [39m[31mFailed to save AI state: Cannot find any save handlers for URL 'file://D:\Billiard_APPS\backend\storage\ai\dqn_model'[39m
CRITICAL: Failed to save chat message: QueryFailedError: insert atau update pada table « chat_messages » menyalahin aturan foreign key « FK_fc6b58e41e9a871dacbe9077def »
    at PostgresQueryRunner.query (D:\Billiard_APPS\backend\src\driver\postgres\PostgresQueryRunner.ts:325:19)
    at processTicksAndRejections (node:internal/process/task_queues:105:5)
    at InsertQueryBuilder.execute (D:\Billiard_APPS\backend\src\query-builder\InsertQueryBuilder.ts:164:33)
    at SubjectExecutor.executeInsertOperations (D:\Billiard_APPS\backend\src\persistence\SubjectExecutor.ts:435:42)
    at SubjectExecutor.execute (D:\Billiard_APPS\backend\src\persistence\SubjectExecutor.ts:137:9)
    at EntityPersistExecutor.execute (D:\Billiard_APPS\backend\src\persistence\EntityPersistExecutor.ts:182:21)
    at ChatService.sendMessage (D:\Billiard_APPS\backend\src\chat\chat.service.ts:26:26)
    at CoachingService.coachHighOccupancyUpsell (D:\Billiard_APPS\backend\src\ai\coaching.service.ts:102:9)
    at async Promise.all (index 1)
    at CoachingService.runAutomatedCoaching (D:\Billiard_APPS\backend\src\ai\coaching.service.ts:62:5) {
  query: 'INSERT INTO "chat_messages"("senderId", "receiverId", "message", "timestamp", "isRead", "type", "readByUserId") VALUES ($1, $2, $3, DEFAULT, DEFAULT, $4, $5) RETURNING "id", "timestamp", "isRead", "type"',
  parameters: [
    0,
    5,
    '🔥 Restoran sedang ramai! Ini momen tepat untuk upselling minuman dingin atau cemilan cepat saji (Fast Bites). Ayo tingkatkan rata-rata struk!',
    'AI_COACH',
    '[0]'
  ],
  driverError: error: insert atau update pada table « chat_messages » menyalahin aturan foreign key « FK_fc6b58e41e9a871dacbe9077def »
      at D:\Billiard_APPS\backend\node_modules\pg\lib\client.js:624:17
      at processTicksAndRejections (node:internal/process/task_queues:105:5)
      at PostgresQueryRunner.query (D:\Billiard_APPS\backend\src\driver\postgres\PostgresQueryRunner.ts:254:25)
      at InsertQueryBuilder.execute (D:\Billiard_APPS\backend\src\query-builder\InsertQueryBuilder.ts:164:33)
      at SubjectExecutor.executeInsertOperations (D:\Billiard_APPS\backend\src\persistence\SubjectExecutor.ts:435:42)
      at SubjectExecutor.execute (D:\Billiard_APPS\backend\src\persistence\SubjectExecutor.ts:137:9)
      at EntityPersistExecutor.execute (D:\Billiard_APPS\backend\src\persistence\EntityPersistExecutor.ts:182:21)
      at ChatService.sendMessage (D:\Billiard_APPS\backend\src\chat\chat.service.ts:26:26)
      at CoachingService.coachHighOccupancyUpsell (D:\Billiard_APPS\backend\src\ai\coaching.service.ts:102:9)
      at async Promise.all (index 1) {
    length: 295,
    severity: 'ERROR',
    code: '23503',
    detail: 'Key (senderId)=(0) tidak ada dalam table « users ».',
    hint: undefined,
    position: undefined,
    internalPosition: undefined,
    internalQuery: undefined,
    where: undefined,
    schema: 'public',
    table: 'chat_messages',
    column: undefined,
    dataType: undefined,
    constraint: 'FK_fc6b58e41e9a871dacbe9077def',
    file: 'ri_triggers.c',
    line: '2783',
    routine: 'ri_ReportViolation'
  },
  length: 295,
  severity: 'ERROR',
  code: '23503',
  detail: 'Key (senderId)=(0) tidak ada dalam table « users ».',
  hint: undefined,
  position: undefined,
  internalPosition: undefined,
  internalQuery: undefined,
  where: undefined,
  schema: 'public',
  table: 'chat_messages',
  column: undefined,
  dataType: undefined,
  constraint: 'FK_fc6b58e41e9a871dacbe9077def',
  file: 'ri_triggers.c',
  line: '2783',
  routine: 'ri_ReportViolation'
}
[31m[Nest] 3148  - [39m18/03/2026, 10.00.00 [31m  ERROR[39m [38;5;3m[Scheduler] [39mQueryFailedError: insert atau update pada table « chat_messages » menyalahin aturan foreign key « FK_fc6b58e41e9a871dacbe9077def »
    at PostgresQueryRunner.query [90m(D:\Billiard_APPS\backend\[39msrc\driver\postgres\PostgresQueryRunner.ts:325:19[90m)[39m
[90m    at processTicksAndRejections (node:internal/process/task_queues:105:5)[39m
    at InsertQueryBuilder.execute [90m(D:\Billiard_APPS\backend\[39msrc\query-builder\InsertQueryBuilder.ts:164:33[90m)[39m
    at SubjectExecutor.executeInsertOperations [90m(D:\Billiard_APPS\backend\[39msrc\persistence\SubjectExecutor.ts:435:42[90m)[39m
    at SubjectExecutor.execute [90m(D:\Billiard_APPS\backend\[39msrc\persistence\SubjectExecutor.ts:137:9[90m)[39m
    at EntityPersistExecutor.execute [90m(D:\Billiard_APPS\backend\[39msrc\persistence\EntityPersistExecutor.ts:182:21[90m)[39m
    at ChatService.sendMessage [90m(D:\Billiard_APPS\backend\[39msrc\chat\chat.service.ts:26:26[90m)[39m
    at CoachingService.coachHighOccupancyUpsell [90m(D:\Billiard_APPS\backend\[39msrc\ai\coaching.service.ts:102:9[90m)[39m
    at async Promise.all (index 1)
    at CoachingService.runAutomatedCoaching [90m(D:\Billiard_APPS\backend\[39msrc\ai\coaching.service.ts:62:5[90m)[39m {
  query: [32m'INSERT INTO "chat_messages"("senderId", "receiverId", "message", "timestamp", "isRead", "type", "readByUserId") VALUES ($1, $2, $3, DEFAULT, DEFAULT, $4, $5) RETURNING "id", "timestamp", "isRead", "type"'[39m,
  parameters: [
    [33m0[39m,
    [33m5[39m,
    [32m'🔥 Restoran sedang ramai! Ini momen tepat untuk upselling minuman dingin atau cemilan cepat saji (Fast Bites). Ayo tingkatkan rata-rata struk!'[39m,
    [32m'AI_COACH'[39m,
    [32m'[0]'[39m
  ],
  driverError: error: insert atau update pada table « chat_messages » menyalahin aturan foreign key « FK_fc6b58e41e9a871dacbe9077def »
      at [90mD:\Billiard_APPS\backend\[39mnode_modules\[4mpg[24m\lib\client.js:624:17
  [90m    at processTicksAndRejections (node:internal/process/task_queues:105:5)[39m
      at PostgresQueryRunner.query [90m(D:\Billiard_APPS\backend\[39msrc\driver\postgres\PostgresQueryRunner.ts:254:25[90m)[39m
      at InsertQueryBuilder.execute [90m(D:\Billiard_APPS\backend\[39msrc\query-builder\InsertQueryBuilder.ts:164:33[90m)[39m
      at SubjectExecutor.executeInsertOperations [90m(D:\Billiard_APPS\backend\[39msrc\persistence\SubjectExecutor.ts:435:42[90m)[39m
      at SubjectExecutor.execute [90m(D:\Billiard_APPS\backend\[39msrc\persistence\SubjectExecutor.ts:137:9[90m)[39m
      at EntityPersistExecutor.execute [90m(D:\Billiard_APPS\backend\[39msrc\persistence\EntityPersistExecutor.ts:182:21[90m)[39m
      at ChatService.sendMessage [90m(D:\Billiard_APPS\backend\[39msrc\chat\chat.service.ts:26:26[90m)[39m
      at CoachingService.coachHighOccupancyUpsell [90m(D:\Billiard_APPS\backend\[39msrc\ai\coaching.service.ts:102:9[90m)[39m
      at async Promise.all (index 1) {
    length: [33m295[39m,
    severity: [32m'ERROR'[39m,
    code: [32m'23503'[39m,
    detail: [32m'Key (senderId)=(0) tidak ada dalam table « users ».'[39m,
    hint: [90mundefined[39m,
    position: [90mundefined[39m,
    internalPosition: [90mundefined[39m,
    internalQuery: [90mundefined[39m,
    where: [90mundefined[39m,
    schema: [32m'public'[39m,
    table: [32m'chat_messages'[39m,
    column: [90mundefined[39m,
    dataType: [90mundefined[39m,
    constraint: [32m'FK_fc6b58e41e9a871dacbe9077def'[39m,
    file: [32m'ri_triggers.c'[39m,
    line: [32m'2783'[39m,
    routine: [32m'ri_ReportViolation'[39m
  },
  length: [33m295[39m,
  severity: [32m'ERROR'[39m,
  code: [32m'23503'[39m,
  detail: [32m'Key (senderId)=(0) tidak ada dalam table « users ».'[39m,
  hint: [90mundefined[39m,
  position: [90mundefined[39m,
  internalPosition: [90mundefined[39m,
  internalQuery: [90mundefined[39m,
  where: [90mundefined[39m,
  schema: [32m'public'[39m,
  table: [32m'chat_messages'[39m,
  column: [90mundefined[39m,
  dataType: [90mundefined[39m,
  constraint: [32m'FK_fc6b58e41e9a871dacbe9077def'[39m,
  file: [32m'ri_triggers.c'[39m,
  line: [32m'2783'[39m,
  routine: [32m'ri_ReportViolation'[39m
}
CRITICAL: Failed to save chat message: QueryFailedError: insert atau update pada table « chat_messages » menyalahin aturan foreign key « FK_fc6b58e41e9a871dacbe9077def »
    at PostgresQueryRunner.query (D:\Billiard_APPS\backend\src\driver\postgres\PostgresQueryRunner.ts:325:19)
    at processTicksAndRejections (node:internal/process/task_queues:105:5)
    at InsertQueryBuilder.execute (D:\Billiard_APPS\backend\src\query-builder\InsertQueryBuilder.ts:164:33)
    at SubjectExecutor.executeInsertOperations (D:\Billiard_APPS\backend\src\persistence\SubjectExecutor.ts:435:42)
    at SubjectExecutor.execute (D:\Billiard_APPS\backend\src\persistence\SubjectExecutor.ts:137:9)
    at EntityPersistExecutor.execute (D:\Billiard_APPS\backend\src\persistence\EntityPersistExecutor.ts:182:21)
    at ChatService.sendMessage (D:\Billiard_APPS\backend\src\chat\chat.service.ts:26:26)
    at CoachingService.coachHighOccupancyUpsell (D:\Billiard_APPS\backend\src\ai\coaching.service.ts:102:9)
    at async Promise.all (index 1)
    at CoachingService.runAutomatedCoaching (D:\Billiard_APPS\backend\src\ai\coaching.service.ts:62:5) {
  query: 'INSERT INTO "chat_messages"("senderId", "receiverId", "message", "timestamp", "isRead", "type", "readByUserId") VALUES ($1, $2, $3, DEFAULT, DEFAULT, $4, $5) RETURNING "id", "timestamp", "isRead", "type"',
  parameters: [
    0,
    4,
    '🔥 Restoran sedang ramai! Ini momen tepat untuk upselling minuman dingin atau cemilan cepat saji (Fast Bites). Ayo tingkatkan rata-rata struk!',
    'AI_COACH',
    '[0]'
  ],
  driverError: error: insert atau update pada table « chat_messages » menyalahin aturan foreign key « FK_fc6b58e41e9a871dacbe9077def »
      at D:\Billiard_APPS\backend\node_modules\pg\lib\client.js:624:17
      at processTicksAndRejections (node:internal/process/task_queues:105:5)
      at PostgresQueryRunner.query (D:\Billiard_APPS\backend\src\driver\postgres\PostgresQueryRunner.ts:254:25)
      at InsertQueryBuilder.execute (D:\Billiard_APPS\backend\src\query-builder\InsertQueryBuilder.ts:164:33)
      at SubjectExecutor.executeInsertOperations (D:\Billiard_APPS\backend\src\persistence\SubjectExecutor.ts:435:42)
      at SubjectExecutor.execute (D:\Billiard_APPS\backend\src\persistence\SubjectExecutor.ts:137:9)
      at EntityPersistExecutor.execute (D:\Billiard_APPS\backend\src\persistence\EntityPersistExecutor.ts:182:21)
      at ChatService.sendMessage (D:\Billiard_APPS\backend\src\chat\chat.service.ts:26:26)
      at CoachingService.coachHighOccupancyUpsell (D:\Billiard_APPS\backend\src\ai\coaching.service.ts:102:9)
      at async Promise.all (index 1) {
    length: 295,
    severity: 'ERROR',
    code: '23503',
    detail: 'Key (senderId)=(0) tidak ada dalam table « users ».',
    hint: undefined,
    position: undefined,
    internalPosition: undefined,
    internalQuery: undefined,
    where: undefined,
    schema: 'public',
    table: 'chat_messages',
    column: undefined,
    dataType: undefined,
    constraint: 'FK_fc6b58e41e9a871dacbe9077def',
    file: 'ri_triggers.c',
    line: '2783',
    routine: 'ri_ReportViolation'
  },
  length: 295,
  severity: 'ERROR',
  code: '23503',
  detail: 'Key (senderId)=(0) tidak ada dalam table « users ».',
  hint: undefined,
  position: undefined,
  internalPosition: undefined,
  internalQuery: undefined,
  where: undefined,
  schema: 'public',
  table: 'chat_messages',
  column: undefined,
  dataType: undefined,
  constraint: 'FK_fc6b58e41e9a871dacbe9077def',
  file: 'ri_triggers.c',
  line: '2783',
  routine: 'ri_ReportViolation'
}
[31m[Nest] 3148  - [39m18/03/2026, 10.30.00 [31m  ERROR[39m [38;5;3m[Scheduler] [39mQueryFailedError: insert atau update pada table « chat_messages » menyalahin aturan foreign key « FK_fc6b58e41e9a871dacbe9077def »
    at PostgresQueryRunner.query [90m(D:\Billiard_APPS\backend\[39msrc\driver\postgres\PostgresQueryRunner.ts:325:19[90m)[39m
[90m    at processTicksAndRejections (node:internal/process/task_queues:105:5)[39m
    at InsertQueryBuilder.execute [90m(D:\Billiard_APPS\backend\[39msrc\query-builder\InsertQueryBuilder.ts:164:33[90m)[39m
    at SubjectExecutor.executeInsertOperations [90m(D:\Billiard_APPS\backend\[39msrc\persistence\SubjectExecutor.ts:435:42[90m)[39m
    at SubjectExecutor.execute [90m(D:\Billiard_APPS\backend\[39msrc\persistence\SubjectExecutor.ts:137:9[90m)[39m
    at EntityPersistExecutor.execute [90m(D:\Billiard_APPS\backend\[39msrc\persistence\EntityPersistExecutor.ts:182:21[90m)[39m
    at ChatService.sendMessage [90m(D:\Billiard_APPS\backend\[39msrc\chat\chat.service.ts:26:26[90m)[39m
    at CoachingService.coachHighOccupancyUpsell [90m(D:\Billiard_APPS\backend\[39msrc\ai\coaching.service.ts:102:9[90m)[39m
    at async Promise.all (index 1)
    at CoachingService.runAutomatedCoaching [90m(D:\Billiard_APPS\backend\[39msrc\ai\coaching.service.ts:62:5[90m)[39m {
  query: [32m'INSERT INTO "chat_messages"("senderId", "receiverId", "message", "timestamp", "isRead", "type", "readByUserId") VALUES ($1, $2, $3, DEFAULT, DEFAULT, $4, $5) RETURNING "id", "timestamp", "isRead", "type"'[39m,
  parameters: [
    [33m0[39m,
    [33m4[39m,
    [32m'🔥 Restoran sedang ramai! Ini momen tepat untuk upselling minuman dingin atau cemilan cepat saji (Fast Bites). Ayo tingkatkan rata-rata struk!'[39m,
    [32m'AI_COACH'[39m,
    [32m'[0]'[39m
  ],
  driverError: error: insert atau update pada table « chat_messages » menyalahin aturan foreign key « FK_fc6b58e41e9a871dacbe9077def »
      at [90mD:\Billiard_APPS\backend\[39mnode_modules\[4mpg[24m\lib\client.js:624:17
  [90m    at processTicksAndRejections (node:internal/process/task_queues:105:5)[39m
      at PostgresQueryRunner.query [90m(D:\Billiard_APPS\backend\[39msrc\driver\postgres\PostgresQueryRunner.ts:254:25[90m)[39m
      at InsertQueryBuilder.execute [90m(D:\Billiard_APPS\backend\[39msrc\query-builder\InsertQueryBuilder.ts:164:33[90m)[39m
      at SubjectExecutor.executeInsertOperations [90m(D:\Billiard_APPS\backend\[39msrc\persistence\SubjectExecutor.ts:435:42[90m)[39m
      at SubjectExecutor.execute [90m(D:\Billiard_APPS\backend\[39msrc\persistence\SubjectExecutor.ts:137:9[90m)[39m
      at EntityPersistExecutor.execute [90m(D:\Billiard_APPS\backend\[39msrc\persistence\EntityPersistExecutor.ts:182:21[90m)[39m
      at ChatService.sendMessage [90m(D:\Billiard_APPS\backend\[39msrc\chat\chat.service.ts:26:26[90m)[39m
      at CoachingService.coachHighOccupancyUpsell [90m(D:\Billiard_APPS\backend\[39msrc\ai\coaching.service.ts:102:9[90m)[39m
      at async Promise.all (index 1) {
    length: [33m295[39m,
    severity: [32m'ERROR'[39m,
    code: [32m'23503'[39m,
    detail: [32m'Key (senderId)=(0) tidak ada dalam table « users ».'[39m,
    hint: [90mundefined[39m,
    position: [90mundefined[39m,
    internalPosition: [90mundefined[39m,
    internalQuery: [90mundefined[39m,
    where: [90mundefined[39m,
    schema: [32m'public'[39m,
    table: [32m'chat_messages'[39m,
    column: [90mundefined[39m,
    dataType: [90mundefined[39m,
    constraint: [32m'FK_fc6b58e41e9a871dacbe9077def'[39m,
    file: [32m'ri_triggers.c'[39m,
    line: [32m'2783'[39m,
    routine: [32m'ri_ReportViolation'[39m
  },
  length: [33m295[39m,
  severity: [32m'ERROR'[39m,
  code: [32m'23503'[39m,
  detail: [32m'Key (senderId)=(0) tidak ada dalam table « users ».'[39m,
  hint: [90mundefined[39m,
  position: [90mundefined[39m,
  internalPosition: [90mundefined[39m,
  internalQuery: [90mundefined[39m,
  where: [90mundefined[39m,
  schema: [32m'public'[39m,
  table: [32m'chat_messages'[39m,
  column: [90mundefined[39m,
  dataType: [90mundefined[39m,
  constraint: [32m'FK_fc6b58e41e9a871dacbe9077def'[39m,
  file: [32m'ri_triggers.c'[39m,
  line: [32m'2783'[39m,
  routine: [32m'ri_ReportViolation'[39m
}
[31m[Nest] 3148  - [39m18/03/2026, 11.00.00 [31m  ERROR[39m [38;5;3m[AIService] [39m[31mFailed to save AI state: Cannot find any save handlers for URL 'file://D:\Billiard_APPS\backend\storage\ai\dqn_model'[39m
CRITICAL: Failed to save chat message: QueryFailedError: insert atau update pada table « chat_messages » menyalahin aturan foreign key « FK_fc6b58e41e9a871dacbe9077def »
    at PostgresQueryRunner.query (D:\Billiard_APPS\backend\src\driver\postgres\PostgresQueryRunner.ts:325:19)
    at processTicksAndRejections (node:internal/process/task_queues:105:5)
    at InsertQueryBuilder.execute (D:\Billiard_APPS\backend\src\query-builder\InsertQueryBuilder.ts:164:33)
    at SubjectExecutor.executeInsertOperations (D:\Billiard_APPS\backend\src\persistence\SubjectExecutor.ts:435:42)
    at SubjectExecutor.execute (D:\Billiard_APPS\backend\src\persistence\SubjectExecutor.ts:137:9)
    at EntityPersistExecutor.execute (D:\Billiard_APPS\backend\src\persistence\EntityPersistExecutor.ts:182:21)
    at ChatService.sendMessage (D:\Billiard_APPS\backend\src\chat\chat.service.ts:26:26)
    at CoachingService.coachHighOccupancyUpsell (D:\Billiard_APPS\backend\src\ai\coaching.service.ts:102:9)
    at async Promise.all (index 1)
    at CoachingService.runAutomatedCoaching (D:\Billiard_APPS\backend\src\ai\coaching.service.ts:62:5) {
  query: 'INSERT INTO "chat_messages"("senderId", "receiverId", "message", "timestamp", "isRead", "type", "readByUserId") VALUES ($1, $2, $3, DEFAULT, DEFAULT, $4, $5) RETURNING "id", "timestamp", "isRead", "type"',
  parameters: [
    0,
    9,
    '🔥 Restoran sedang ramai! Ini momen tepat untuk upselling minuman dingin atau cemilan cepat saji (Fast Bites). Ayo tingkatkan rata-rata struk!',
    'AI_COACH',
    '[0]'
  ],
  driverError: error: insert atau update pada table « chat_messages » menyalahin aturan foreign key « FK_fc6b58e41e9a871dacbe9077def »
      at D:\Billiard_APPS\backend\node_modules\pg\lib\client.js:624:17
      at processTicksAndRejections (node:internal/process/task_queues:105:5)
      at PostgresQueryRunner.query (D:\Billiard_APPS\backend\src\driver\postgres\PostgresQueryRunner.ts:254:25)
      at InsertQueryBuilder.execute (D:\Billiard_APPS\backend\src\query-builder\InsertQueryBuilder.ts:164:33)
      at SubjectExecutor.executeInsertOperations (D:\Billiard_APPS\backend\src\persistence\SubjectExecutor.ts:435:42)
      at SubjectExecutor.execute (D:\Billiard_APPS\backend\src\persistence\SubjectExecutor.ts:137:9)
      at EntityPersistExecutor.execute (D:\Billiard_APPS\backend\src\persistence\EntityPersistExecutor.ts:182:21)
      at ChatService.sendMessage (D:\Billiard_APPS\backend\src\chat\chat.service.ts:26:26)
      at CoachingService.coachHighOccupancyUpsell (D:\Billiard_APPS\backend\src\ai\coaching.service.ts:102:9)
      at async Promise.all (index 1) {
    length: 295,
    severity: 'ERROR',
    code: '23503',
    detail: 'Key (senderId)=(0) tidak ada dalam table « users ».',
    hint: undefined,
    position: undefined,
    internalPosition: undefined,
    internalQuery: undefined,
    where: undefined,
    schema: 'public',
    table: 'chat_messages',
    column: undefined,
    dataType: undefined,
    constraint: 'FK_fc6b58e41e9a871dacbe9077def',
    file: 'ri_triggers.c',
    line: '2783',
    routine: 'ri_ReportViolation'
  },
  length: 295,
  severity: 'ERROR',
  code: '23503',
  detail: 'Key (senderId)=(0) tidak ada dalam table « users ».',
  hint: undefined,
  position: undefined,
  internalPosition: undefined,
  internalQuery: undefined,
  where: undefined,
  schema: 'public',
  table: 'chat_messages',
  column: undefined,
  dataType: undefined,
  constraint: 'FK_fc6b58e41e9a871dacbe9077def',
  file: 'ri_triggers.c',
  line: '2783',
  routine: 'ri_ReportViolation'
}
[31m[Nest] 3148  - [39m18/03/2026, 11.00.00 [31m  ERROR[39m [38;5;3m[Scheduler] [39mQueryFailedError: insert atau update pada table « chat_messages » menyalahin aturan foreign key « FK_fc6b58e41e9a871dacbe9077def »
    at PostgresQueryRunner.query [90m(D:\Billiard_APPS\backend\[39msrc\driver\postgres\PostgresQueryRunner.ts:325:19[90m)[39m
[90m    at processTicksAndRejections (node:internal/process/task_queues:105:5)[39m
    at InsertQueryBuilder.execute [90m(D:\Billiard_APPS\backend\[39msrc\query-builder\InsertQueryBuilder.ts:164:33[90m)[39m
    at SubjectExecutor.executeInsertOperations [90m(D:\Billiard_APPS\backend\[39msrc\persistence\SubjectExecutor.ts:435:42[90m)[39m
    at SubjectExecutor.execute [90m(D:\Billiard_APPS\backend\[39msrc\persistence\SubjectExecutor.ts:137:9[90m)[39m
    at EntityPersistExecutor.execute [90m(D:\Billiard_APPS\backend\[39msrc\persistence\EntityPersistExecutor.ts:182:21[90m)[39m
    at ChatService.sendMessage [90m(D:\Billiard_APPS\backend\[39msrc\chat\chat.service.ts:26:26[90m)[39m
    at CoachingService.coachHighOccupancyUpsell [90m(D:\Billiard_APPS\backend\[39msrc\ai\coaching.service.ts:102:9[90m)[39m
    at async Promise.all (index 1)
    at CoachingService.runAutomatedCoaching [90m(D:\Billiard_APPS\backend\[39msrc\ai\coaching.service.ts:62:5[90m)[39m {
  query: [32m'INSERT INTO "chat_messages"("senderId", "receiverId", "message", "timestamp", "isRead", "type", "readByUserId") VALUES ($1, $2, $3, DEFAULT, DEFAULT, $4, $5) RETURNING "id", "timestamp", "isRead", "type"'[39m,
  parameters: [
    [33m0[39m,
    [33m9[39m,
    [32m'🔥 Restoran sedang ramai! Ini momen tepat untuk upselling minuman dingin atau cemilan cepat saji (Fast Bites). Ayo tingkatkan rata-rata struk!'[39m,
    [32m'AI_COACH'[39m,
    [32m'[0]'[39m
  ],
  driverError: error: insert atau update pada table « chat_messages » menyalahin aturan foreign key « FK_fc6b58e41e9a871dacbe9077def »
      at [90mD:\Billiard_APPS\backend\[39mnode_modules\[4mpg[24m\lib\client.js:624:17
  [90m    at processTicksAndRejections (node:internal/process/task_queues:105:5)[39m
      at PostgresQueryRunner.query [90m(D:\Billiard_APPS\backend\[39msrc\driver\postgres\PostgresQueryRunner.ts:254:25[90m)[39m
      at InsertQueryBuilder.execute [90m(D:\Billiard_APPS\backend\[39msrc\query-builder\InsertQueryBuilder.ts:164:33[90m)[39m
      at SubjectExecutor.executeInsertOperations [90m(D:\Billiard_APPS\backend\[39msrc\persistence\SubjectExecutor.ts:435:42[90m)[39m
      at SubjectExecutor.execute [90m(D:\Billiard_APPS\backend\[39msrc\persistence\SubjectExecutor.ts:137:9[90m)[39m
      at EntityPersistExecutor.execute [90m(D:\Billiard_APPS\backend\[39msrc\persistence\EntityPersistExecutor.ts:182:21[90m)[39m
      at ChatService.sendMessage [90m(D:\Billiard_APPS\backend\[39msrc\chat\chat.service.ts:26:26[90m)[39m
      at CoachingService.coachHighOccupancyUpsell [90m(D:\Billiard_APPS\backend\[39msrc\ai\coaching.service.ts:102:9[90m)[39m
      at async Promise.all (index 1) {
    length: [33m295[39m,
    severity: [32m'ERROR'[39m,
    code: [32m'23503'[39m,
    detail: [32m'Key (senderId)=(0) tidak ada dalam table « users ».'[39m,
    hint: [90mundefined[39m,
    position: [90mundefined[39m,
    internalPosition: [90mundefined[39m,
    internalQuery: [90mundefined[39m,
    where: [90mundefined[39m,
    schema: [32m'public'[39m,
    table: [32m'chat_messages'[39m,
    column: [90mundefined[39m,
    dataType: [90mundefined[39m,
    constraint: [32m'FK_fc6b58e41e9a871dacbe9077def'[39m,
    file: [32m'ri_triggers.c'[39m,
    line: [32m'2783'[39m,
    routine: [32m'ri_ReportViolation'[39m
  },
  length: [33m295[39m,
  severity: [32m'ERROR'[39m,
  code: [32m'23503'[39m,
  detail: [32m'Key (senderId)=(0) tidak ada dalam table « users ».'[39m,
  hint: [90mundefined[39m,
  position: [90mundefined[39m,
  internalPosition: [90mundefined[39m,
  internalQuery: [90mundefined[39m,
  where: [90mundefined[39m,
  schema: [32m'public'[39m,
  table: [32m'chat_messages'[39m,
  column: [90mundefined[39m,
  dataType: [90mundefined[39m,
  constraint: [32m'FK_fc6b58e41e9a871dacbe9077def'[39m,
  file: [32m'ri_triggers.c'[39m,
  line: [32m'2783'[39m,
  routine: [32m'ri_ReportViolation'[39m
}
CRITICAL: Failed to save chat message: QueryFailedError: insert atau update pada table « chat_messages » menyalahin aturan foreign key « FK_fc6b58e41e9a871dacbe9077def »
    at PostgresQueryRunner.query (D:\Billiard_APPS\backend\src\driver\postgres\PostgresQueryRunner.ts:325:19)
    at processTicksAndRejections (node:internal/process/task_queues:105:5)
    at InsertQueryBuilder.execute (D:\Billiard_APPS\backend\src\query-builder\InsertQueryBuilder.ts:164:33)
    at SubjectExecutor.executeInsertOperations (D:\Billiard_APPS\backend\src\persistence\SubjectExecutor.ts:435:42)
    at SubjectExecutor.execute (D:\Billiard_APPS\backend\src\persistence\SubjectExecutor.ts:137:9)
    at EntityPersistExecutor.execute (D:\Billiard_APPS\backend\src\persistence\EntityPersistExecutor.ts:182:21)
    at ChatService.sendMessage (D:\Billiard_APPS\backend\src\chat\chat.service.ts:26:26)
    at CoachingService.coachHighOccupancyUpsell (D:\Billiard_APPS\backend\src\ai\coaching.service.ts:102:9)
    at async Promise.all (index 1)
    at CoachingService.runAutomatedCoaching (D:\Billiard_APPS\backend\src\ai\coaching.service.ts:62:5) {
  query: 'INSERT INTO "chat_messages"("senderId", "receiverId", "message", "timestamp", "isRead", "type", "readByUserId") VALUES ($1, $2, $3, DEFAULT, DEFAULT, $4, $5) RETURNING "id", "timestamp", "isRead", "type"',
  parameters: [
    0,
    3,
    '🔥 Restoran sedang ramai! Ini momen tepat untuk upselling minuman dingin atau cemilan cepat saji (Fast Bites). Ayo tingkatkan rata-rata struk!',
    'AI_COACH',
    '[0]'
  ],
  driverError: error: insert atau update pada table « chat_messages » menyalahin aturan foreign key « FK_fc6b58e41e9a871dacbe9077def »
      at D:\Billiard_APPS\backend\node_modules\pg\lib\client.js:624:17
      at processTicksAndRejections (node:internal/process/task_queues:105:5)
      at PostgresQueryRunner.query (D:\Billiard_APPS\backend\src\driver\postgres\PostgresQueryRunner.ts:254:25)
      at InsertQueryBuilder.execute (D:\Billiard_APPS\backend\src\query-builder\InsertQueryBuilder.ts:164:33)
      at SubjectExecutor.executeInsertOperations (D:\Billiard_APPS\backend\src\persistence\SubjectExecutor.ts:435:42)
      at SubjectExecutor.execute (D:\Billiard_APPS\backend\src\persistence\SubjectExecutor.ts:137:9)
      at EntityPersistExecutor.execute (D:\Billiard_APPS\backend\src\persistence\EntityPersistExecutor.ts:182:21)
      at ChatService.sendMessage (D:\Billiard_APPS\backend\src\chat\chat.service.ts:26:26)
      at CoachingService.coachHighOccupancyUpsell (D:\Billiard_APPS\backend\src\ai\coaching.service.ts:102:9)
      at async Promise.all (index 1) {
    length: 295,
    severity: 'ERROR',
    code: '23503',
    detail: 'Key (senderId)=(0) tidak ada dalam table « users ».',
    hint: undefined,
    position: undefined,
    internalPosition: undefined,
    internalQuery: undefined,
    where: undefined,
    schema: 'public',
    table: 'chat_messages',
    column: undefined,
    dataType: undefined,
    constraint: 'FK_fc6b58e41e9a871dacbe9077def',
    file: 'ri_triggers.c',
    line: '2783',
    routine: 'ri_ReportViolation'
  },
  length: 295,
  severity: 'ERROR',
  code: '23503',
  detail: 'Key (senderId)=(0) tidak ada dalam table « users ».',
  hint: undefined,
  position: undefined,
  internalPosition: undefined,
  internalQuery: undefined,
  where: undefined,
  schema: 'public',
  table: 'chat_messages',
  column: undefined,
  dataType: undefined,
  constraint: 'FK_fc6b58e41e9a871dacbe9077def',
  file: 'ri_triggers.c',
  line: '2783',
  routine: 'ri_ReportViolation'
}
[31m[Nest] 3148  - [39m18/03/2026, 11.30.00 [31m  ERROR[39m [38;5;3m[Scheduler] [39mQueryFailedError: insert atau update pada table « chat_messages » menyalahin aturan foreign key « FK_fc6b58e41e9a871dacbe9077def »
    at PostgresQueryRunner.query [90m(D:\Billiard_APPS\backend\[39msrc\driver\postgres\PostgresQueryRunner.ts:325:19[90m)[39m
[90m    at processTicksAndRejections (node:internal/process/task_queues:105:5)[39m
    at InsertQueryBuilder.execute [90m(D:\Billiard_APPS\backend\[39msrc\query-builder\InsertQueryBuilder.ts:164:33[90m)[39m
    at SubjectExecutor.executeInsertOperations [90m(D:\Billiard_APPS\backend\[39msrc\persistence\SubjectExecutor.ts:435:42[90m)[39m
    at SubjectExecutor.execute [90m(D:\Billiard_APPS\backend\[39msrc\persistence\SubjectExecutor.ts:137:9[90m)[39m
    at EntityPersistExecutor.execute [90m(D:\Billiard_APPS\backend\[39msrc\persistence\EntityPersistExecutor.ts:182:21[90m)[39m
    at ChatService.sendMessage [90m(D:\Billiard_APPS\backend\[39msrc\chat\chat.service.ts:26:26[90m)[39m
    at CoachingService.coachHighOccupancyUpsell [90m(D:\Billiard_APPS\backend\[39msrc\ai\coaching.service.ts:102:9[90m)[39m
    at async Promise.all (index 1)
    at CoachingService.runAutomatedCoaching [90m(D:\Billiard_APPS\backend\[39msrc\ai\coaching.service.ts:62:5[90m)[39m {
  query: [32m'INSERT INTO "chat_messages"("senderId", "receiverId", "message", "timestamp", "isRead", "type", "readByUserId") VALUES ($1, $2, $3, DEFAULT, DEFAULT, $4, $5) RETURNING "id", "timestamp", "isRead", "type"'[39m,
  parameters: [
    [33m0[39m,
    [33m3[39m,
    [32m'🔥 Restoran sedang ramai! Ini momen tepat untuk upselling minuman dingin atau cemilan cepat saji (Fast Bites). Ayo tingkatkan rata-rata struk!'[39m,
    [32m'AI_COACH'[39m,
    [32m'[0]'[39m
  ],
  driverError: error: insert atau update pada table « chat_messages » menyalahin aturan foreign key « FK_fc6b58e41e9a871dacbe9077def »
      at [90mD:\Billiard_APPS\backend\[39mnode_modules\[4mpg[24m\lib\client.js:624:17
  [90m    at processTicksAndRejections (node:internal/process/task_queues:105:5)[39m
      at PostgresQueryRunner.query [90m(D:\Billiard_APPS\backend\[39msrc\driver\postgres\PostgresQueryRunner.ts:254:25[90m)[39m
      at InsertQueryBuilder.execute [90m(D:\Billiard_APPS\backend\[39msrc\query-builder\InsertQueryBuilder.ts:164:33[90m)[39m
      at SubjectExecutor.executeInsertOperations [90m(D:\Billiard_APPS\backend\[39msrc\persistence\SubjectExecutor.ts:435:42[90m)[39m
      at SubjectExecutor.execute [90m(D:\Billiard_APPS\backend\[39msrc\persistence\SubjectExecutor.ts:137:9[90m)[39m
      at EntityPersistExecutor.execute [90m(D:\Billiard_APPS\backend\[39msrc\persistence\EntityPersistExecutor.ts:182:21[90m)[39m
      at ChatService.sendMessage [90m(D:\Billiard_APPS\backend\[39msrc\chat\chat.service.ts:26:26[90m)[39m
      at CoachingService.coachHighOccupancyUpsell [90m(D:\Billiard_APPS\backend\[39msrc\ai\coaching.service.ts:102:9[90m)[39m
      at async Promise.all (index 1) {
    length: [33m295[39m,
    severity: [32m'ERROR'[39m,
    code: [32m'23503'[39m,
    detail: [32m'Key (senderId)=(0) tidak ada dalam table « users ».'[39m,
    hint: [90mundefined[39m,
    position: [90mundefined[39m,
    internalPosition: [90mundefined[39m,
    internalQuery: [90mundefined[39m,
    where: [90mundefined[39m,
    schema: [32m'public'[39m,
    table: [32m'chat_messages'[39m,
    column: [90mundefined[39m,
    dataType: [90mundefined[39m,
    constraint: [32m'FK_fc6b58e41e9a871dacbe9077def'[39m,
    file: [32m'ri_triggers.c'[39m,
    line: [32m'2783'[39m,
    routine: [32m'ri_ReportViolation'[39m
  },
  length: [33m295[39m,
  severity: [32m'ERROR'[39m,
  code: [32m'23503'[39m,
  detail: [32m'Key (senderId)=(0) tidak ada dalam table « users ».'[39m,
  hint: [90mundefined[39m,
  position: [90mundefined[39m,
  internalPosition: [90mundefined[39m,
  internalQuery: [90mundefined[39m,
  where: [90mundefined[39m,
  schema: [32m'public'[39m,
  table: [32m'chat_messages'[39m,
  column: [90mundefined[39m,
  dataType: [90mundefined[39m,
  constraint: [32m'FK_fc6b58e41e9a871dacbe9077def'[39m,
  file: [32m'ri_triggers.c'[39m,
  line: [32m'2783'[39m,
  routine: [32m'ri_ReportViolation'[39m
}
[31m[Nest] 3148  - [39m18/03/2026, 12.00.00 [31m  ERROR[39m [38;5;3m[AIService] [39m[31mFailed to save AI state: Cannot find any save handlers for URL 'file://D:\Billiard_APPS\backend\storage\ai\dqn_model'[39m
CRITICAL: Failed to save chat message: QueryFailedError: insert atau update pada table « chat_messages » menyalahin aturan foreign key « FK_fc6b58e41e9a871dacbe9077def »
    at PostgresQueryRunner.query (D:\Billiard_APPS\backend\src\driver\postgres\PostgresQueryRunner.ts:325:19)
    at processTicksAndRejections (node:internal/process/task_queues:105:5)
    at InsertQueryBuilder.execute (D:\Billiard_APPS\backend\src\query-builder\InsertQueryBuilder.ts:164:33)
    at SubjectExecutor.executeInsertOperations (D:\Billiard_APPS\backend\src\persistence\SubjectExecutor.ts:435:42)
    at SubjectExecutor.execute (D:\Billiard_APPS\backend\src\persistence\SubjectExecutor.ts:137:9)
    at EntityPersistExecutor.execute (D:\Billiard_APPS\backend\src\persistence\EntityPersistExecutor.ts:182:21)
    at ChatService.sendMessage (D:\Billiard_APPS\backend\src\chat\chat.service.ts:26:26)
    at CoachingService.coachLowPerformanceWaiters (D:\Billiard_APPS\backend\src\ai\coaching.service.ts:87:9)
    at async Promise.all (index 0)
    at CoachingService.runAutomatedCoaching (D:\Billiard_APPS\backend\src\ai\coaching.service.ts:62:5) {
  query: 'INSERT INTO "chat_messages"("senderId", "receiverId", "message", "timestamp", "isRead", "type", "readByUserId") VALUES ($1, $2, $3, DEFAULT, DEFAULT, $4, $5) RETURNING "id", "timestamp", "isRead", "type"',
  parameters: [
    0,
    5,
    "Halo caca, AI mendeteksi ROI-mu sedikit di bawah rata-rata hari ini. Coba tawarkan menu 'Best Seller' atau paket Billiard tambahan ke pelanggan di mejamu ya! Semangat! 💪",
    'AI_COACH',
    '[0]'
  ],
  driverError: error: insert atau update pada table « chat_messages » menyalahin aturan foreign key « FK_fc6b58e41e9a871dacbe9077def »
      at D:\Billiard_APPS\backend\node_modules\pg\lib\client.js:624:17
      at processTicksAndRejections (node:internal/process/task_queues:105:5)
      at PostgresQueryRunner.query (D:\Billiard_APPS\backend\src\driver\postgres\PostgresQueryRunner.ts:254:25)
      at InsertQueryBuilder.execute (D:\Billiard_APPS\backend\src\query-builder\InsertQueryBuilder.ts:164:33)
      at SubjectExecutor.executeInsertOperations (D:\Billiard_APPS\backend\src\persistence\SubjectExecutor.ts:435:42)
      at SubjectExecutor.execute (D:\Billiard_APPS\backend\src\persistence\SubjectExecutor.ts:137:9)
      at EntityPersistExecutor.execute (D:\Billiard_APPS\backend\src\persistence\EntityPersistExecutor.ts:182:21)
      at ChatService.sendMessage (D:\Billiard_APPS\backend\src\chat\chat.service.ts:26:26)
      at CoachingService.coachLowPerformanceWaiters (D:\Billiard_APPS\backend\src\ai\coaching.service.ts:87:9)
      at async Promise.all (index 0) {
    length: 295,
    severity: 'ERROR',
    code: '23503',
    detail: 'Key (senderId)=(0) tidak ada dalam table « users ».',
    hint: undefined,
    position: undefined,
    internalPosition: undefined,
    internalQuery: undefined,
    where: undefined,
    schema: 'public',
    table: 'chat_messages',
    column: undefined,
    dataType: undefined,
    constraint: 'FK_fc6b58e41e9a871dacbe9077def',
    file: 'ri_triggers.c',
    line: '2783',
    routine: 'ri_ReportViolation'
  },
  length: 295,
  severity: 'ERROR',
  code: '23503',
  detail: 'Key (senderId)=(0) tidak ada dalam table « users ».',
  hint: undefined,
  position: undefined,
  internalPosition: undefined,
  internalQuery: undefined,
  where: undefined,
  schema: 'public',
  table: 'chat_messages',
  column: undefined,
  dataType: undefined,
  constraint: 'FK_fc6b58e41e9a871dacbe9077def',
  file: 'ri_triggers.c',
  line: '2783',
  routine: 'ri_ReportViolation'
}
[31m[Nest] 3148  - [39m18/03/2026, 12.00.00 [31m  ERROR[39m [38;5;3m[Scheduler] [39mQueryFailedError: insert atau update pada table « chat_messages » menyalahin aturan foreign key « FK_fc6b58e41e9a871dacbe9077def »
    at PostgresQueryRunner.query [90m(D:\Billiard_APPS\backend\[39msrc\driver\postgres\PostgresQueryRunner.ts:325:19[90m)[39m
[90m    at processTicksAndRejections (node:internal/process/task_queues:105:5)[39m
    at InsertQueryBuilder.execute [90m(D:\Billiard_APPS\backend\[39msrc\query-builder\InsertQueryBuilder.ts:164:33[90m)[39m
    at SubjectExecutor.executeInsertOperations [90m(D:\Billiard_APPS\backend\[39msrc\persistence\SubjectExecutor.ts:435:42[90m)[39m
    at SubjectExecutor.execute [90m(D:\Billiard_APPS\backend\[39msrc\persistence\SubjectExecutor.ts:137:9[90m)[39m
    at EntityPersistExecutor.execute [90m(D:\Billiard_APPS\backend\[39msrc\persistence\EntityPersistExecutor.ts:182:21[90m)[39m
    at ChatService.sendMessage [90m(D:\Billiard_APPS\backend\[39msrc\chat\chat.service.ts:26:26[90m)[39m
    at CoachingService.coachLowPerformanceWaiters [90m(D:\Billiard_APPS\backend\[39msrc\ai\coaching.service.ts:87:9[90m)[39m
    at async Promise.all (index 0)
    at CoachingService.runAutomatedCoaching [90m(D:\Billiard_APPS\backend\[39msrc\ai\coaching.service.ts:62:5[90m)[39m {
  query: [32m'INSERT INTO "chat_messages"("senderId", "receiverId", "message", "timestamp", "isRead", "type", "readByUserId") VALUES ($1, $2, $3, DEFAULT, DEFAULT, $4, $5) RETURNING "id", "timestamp", "isRead", "type"'[39m,
  parameters: [
    [33m0[39m,
    [33m5[39m,
    [32m"Halo caca, AI mendeteksi ROI-mu sedikit di bawah rata-rata hari ini. Coba tawarkan menu 'Best Seller' atau paket Billiard tambahan ke pelanggan di mejamu ya! Semangat! 💪"[39m,
    [32m'AI_COACH'[39m,
    [32m'[0]'[39m
  ],
  driverError: error: insert atau update pada table « chat_messages » menyalahin aturan foreign key « FK_fc6b58e41e9a871dacbe9077def »
      at [90mD:\Billiard_APPS\backend\[39mnode_modules\[4mpg[24m\lib\client.js:624:17
  [90m    at processTicksAndRejections (node:internal/process/task_queues:105:5)[39m
      at PostgresQueryRunner.query [90m(D:\Billiard_APPS\backend\[39msrc\driver\postgres\PostgresQueryRunner.ts:254:25[90m)[39m
      at InsertQueryBuilder.execute [90m(D:\Billiard_APPS\backend\[39msrc\query-builder\InsertQueryBuilder.ts:164:33[90m)[39m
      at SubjectExecutor.executeInsertOperations [90m(D:\Billiard_APPS\backend\[39msrc\persistence\SubjectExecutor.ts:435:42[90m)[39m
      at SubjectExecutor.execute [90m(D:\Billiard_APPS\backend\[39msrc\persistence\SubjectExecutor.ts:137:9[90m)[39m
      at EntityPersistExecutor.execute [90m(D:\Billiard_APPS\backend\[39msrc\persistence\EntityPersistExecutor.ts:182:21[90m)[39m
      at ChatService.sendMessage [90m(D:\Billiard_APPS\backend\[39msrc\chat\chat.service.ts:26:26[90m)[39m
      at CoachingService.coachLowPerformanceWaiters [90m(D:\Billiard_APPS\backend\[39msrc\ai\coaching.service.ts:87:9[90m)[39m
      at async Promise.all (index 0) {
    length: [33m295[39m,
    severity: [32m'ERROR'[39m,
    code: [32m'23503'[39m,
    detail: [32m'Key (senderId)=(0) tidak ada dalam table « users ».'[39m,
    hint: [90mundefined[39m,
    position: [90mundefined[39m,
    internalPosition: [90mundefined[39m,
    internalQuery: [90mundefined[39m,
    where: [90mundefined[39m,
    schema: [32m'public'[39m,
    table: [32m'chat_messages'[39m,
    column: [90mundefined[39m,
    dataType: [90mundefined[39m,
    constraint: [32m'FK_fc6b58e41e9a871dacbe9077def'[39m,
    file: [32m'ri_triggers.c'[39m,
    line: [32m'2783'[39m,
    routine: [32m'ri_ReportViolation'[39m
  },
  length: [33m295[39m,
  severity: [32m'ERROR'[39m,
  code: [32m'23503'[39m,
  detail: [32m'Key (senderId)=(0) tidak ada dalam table « users ».'[39m,
  hint: [90mundefined[39m,
  position: [90mundefined[39m,
  internalPosition: [90mundefined[39m,
  internalQuery: [90mundefined[39m,
  where: [90mundefined[39m,
  schema: [32m'public'[39m,
  table: [32m'chat_messages'[39m,
  column: [90mundefined[39m,
  dataType: [90mundefined[39m,
  constraint: [32m'FK_fc6b58e41e9a871dacbe9077def'[39m,
  file: [32m'ri_triggers.c'[39m,
  line: [32m'2783'[39m,
  routine: [32m'ri_ReportViolation'[39m
}
CRITICAL: Failed to save chat message: QueryFailedError: insert atau update pada table « chat_messages » menyalahin aturan foreign key « FK_fc6b58e41e9a871dacbe9077def »
    at PostgresQueryRunner.query (D:\Billiard_APPS\backend\src\driver\postgres\PostgresQueryRunner.ts:325:19)
    at processTicksAndRejections (node:internal/process/task_queues:105:5)
    at InsertQueryBuilder.execute (D:\Billiard_APPS\backend\src\query-builder\InsertQueryBuilder.ts:164:33)
    at SubjectExecutor.executeInsertOperations (D:\Billiard_APPS\backend\src\persistence\SubjectExecutor.ts:435:42)
    at SubjectExecutor.execute (D:\Billiard_APPS\backend\src\persistence\SubjectExecutor.ts:137:9)
    at EntityPersistExecutor.execute (D:\Billiard_APPS\backend\src\persistence\EntityPersistExecutor.ts:182:21)
    at ChatService.sendMessage (D:\Billiard_APPS\backend\src\chat\chat.service.ts:26:26)
    at CoachingService.coachHighOccupancyUpsell (D:\Billiard_APPS\backend\src\ai\coaching.service.ts:102:9)
    at async Promise.all (index 1)
    at CoachingService.runAutomatedCoaching (D:\Billiard_APPS\backend\src\ai\coaching.service.ts:62:5) {
  query: 'INSERT INTO "chat_messages"("senderId", "receiverId", "message", "timestamp", "isRead", "type", "readByUserId") VALUES ($1, $2, $3, DEFAULT, DEFAULT, $4, $5) RETURNING "id", "timestamp", "isRead", "type"',
  parameters: [
    0,
    5,
    '🔥 Restoran sedang ramai! Ini momen tepat untuk upselling minuman dingin atau cemilan cepat saji (Fast Bites). Ayo tingkatkan rata-rata struk!',
    'AI_COACH',
    '[0]'
  ],
  driverError: error: insert atau update pada table « chat_messages » menyalahin aturan foreign key « FK_fc6b58e41e9a871dacbe9077def »
      at D:\Billiard_APPS\backend\node_modules\pg\lib\client.js:624:17
      at processTicksAndRejections (node:internal/process/task_queues:105:5)
      at PostgresQueryRunner.query (D:\Billiard_APPS\backend\src\driver\postgres\PostgresQueryRunner.ts:254:25)
      at InsertQueryBuilder.execute (D:\Billiard_APPS\backend\src\query-builder\InsertQueryBuilder.ts:164:33)
      at SubjectExecutor.executeInsertOperations (D:\Billiard_APPS\backend\src\persistence\SubjectExecutor.ts:435:42)
      at SubjectExecutor.execute (D:\Billiard_APPS\backend\src\persistence\SubjectExecutor.ts:137:9)
      at EntityPersistExecutor.execute (D:\Billiard_APPS\backend\src\persistence\EntityPersistExecutor.ts:182:21)
      at ChatService.sendMessage (D:\Billiard_APPS\backend\src\chat\chat.service.ts:26:26)
      at CoachingService.coachHighOccupancyUpsell (D:\Billiard_APPS\backend\src\ai\coaching.service.ts:102:9)
      at async Promise.all (index 1) {
    length: 295,
    severity: 'ERROR',
    code: '23503',
    detail: 'Key (senderId)=(0) tidak ada dalam table « users ».',
    hint: undefined,
    position: undefined,
    internalPosition: undefined,
    internalQuery: undefined,
    where: undefined,
    schema: 'public',
    table: 'chat_messages',
    column: undefined,
    dataType: undefined,
    constraint: 'FK_fc6b58e41e9a871dacbe9077def',
    file: 'ri_triggers.c',
    line: '2783',
    routine: 'ri_ReportViolation'
  },
  length: 295,
  severity: 'ERROR',
  code: '23503',
  detail: 'Key (senderId)=(0) tidak ada dalam table « users ».',
  hint: undefined,
  position: undefined,
  internalPosition: undefined,
  internalQuery: undefined,
  where: undefined,
  schema: 'public',
  table: 'chat_messages',
  column: undefined,
  dataType: undefined,
  constraint: 'FK_fc6b58e41e9a871dacbe9077def',
  file: 'ri_triggers.c',
  line: '2783',
  routine: 'ri_ReportViolation'
}
[31m[Nest] 3148  - [39m18/03/2026, 12.30.00 [31m  ERROR[39m [38;5;3m[Scheduler] [39mQueryFailedError: insert atau update pada table « chat_messages » menyalahin aturan foreign key « FK_fc6b58e41e9a871dacbe9077def »
    at PostgresQueryRunner.query [90m(D:\Billiard_APPS\backend\[39msrc\driver\postgres\PostgresQueryRunner.ts:325:19[90m)[39m
[90m    at processTicksAndRejections (node:internal/process/task_queues:105:5)[39m
    at InsertQueryBuilder.execute [90m(D:\Billiard_APPS\backend\[39msrc\query-builder\InsertQueryBuilder.ts:164:33[90m)[39m
    at SubjectExecutor.executeInsertOperations [90m(D:\Billiard_APPS\backend\[39msrc\persistence\SubjectExecutor.ts:435:42[90m)[39m
    at SubjectExecutor.execute [90m(D:\Billiard_APPS\backend\[39msrc\persistence\SubjectExecutor.ts:137:9[90m)[39m
    at EntityPersistExecutor.execute [90m(D:\Billiard_APPS\backend\[39msrc\persistence\EntityPersistExecutor.ts:182:21[90m)[39m
    at ChatService.sendMessage [90m(D:\Billiard_APPS\backend\[39msrc\chat\chat.service.ts:26:26[90m)[39m
    at CoachingService.coachHighOccupancyUpsell [90m(D:\Billiard_APPS\backend\[39msrc\ai\coaching.service.ts:102:9[90m)[39m
    at async Promise.all (index 1)
    at CoachingService.runAutomatedCoaching [90m(D:\Billiard_APPS\backend\[39msrc\ai\coaching.service.ts:62:5[90m)[39m {
  query: [32m'INSERT INTO "chat_messages"("senderId", "receiverId", "message", "timestamp", "isRead", "type", "readByUserId") VALUES ($1, $2, $3, DEFAULT, DEFAULT, $4, $5) RETURNING "id", "timestamp", "isRead", "type"'[39m,
  parameters: [
    [33m0[39m,
    [33m5[39m,
    [32m'🔥 Restoran sedang ramai! Ini momen tepat untuk upselling minuman dingin atau cemilan cepat saji (Fast Bites). Ayo tingkatkan rata-rata struk!'[39m,
    [32m'AI_COACH'[39m,
    [32m'[0]'[39m
  ],
  driverError: error: insert atau update pada table « chat_messages » menyalahin aturan foreign key « FK_fc6b58e41e9a871dacbe9077def »
      at [90mD:\Billiard_APPS\backend\[39mnode_modules\[4mpg[24m\lib\client.js:624:17
  [90m    at processTicksAndRejections (node:internal/process/task_queues:105:5)[39m
      at PostgresQueryRunner.query [90m(D:\Billiard_APPS\backend\[39msrc\driver\postgres\PostgresQueryRunner.ts:254:25[90m)[39m
      at InsertQueryBuilder.execute [90m(D:\Billiard_APPS\backend\[39msrc\query-builder\InsertQueryBuilder.ts:164:33[90m)[39m
      at SubjectExecutor.executeInsertOperations [90m(D:\Billiard_APPS\backend\[39msrc\persistence\SubjectExecutor.ts:435:42[90m)[39m
      at SubjectExecutor.execute [90m(D:\Billiard_APPS\backend\[39msrc\persistence\SubjectExecutor.ts:137:9[90m)[39m
      at EntityPersistExecutor.execute [90m(D:\Billiard_APPS\backend\[39msrc\persistence\EntityPersistExecutor.ts:182:21[90m)[39m
      at ChatService.sendMessage [90m(D:\Billiard_APPS\backend\[39msrc\chat\chat.service.ts:26:26[90m)[39m
      at CoachingService.coachHighOccupancyUpsell [90m(D:\Billiard_APPS\backend\[39msrc\ai\coaching.service.ts:102:9[90m)[39m
      at async Promise.all (index 1) {
    length: [33m295[39m,
    severity: [32m'ERROR'[39m,
    code: [32m'23503'[39m,
    detail: [32m'Key (senderId)=(0) tidak ada dalam table « users ».'[39m,
    hint: [90mundefined[39m,
    position: [90mundefined[39m,
    internalPosition: [90mundefined[39m,
    internalQuery: [90mundefined[39m,
    where: [90mundefined[39m,
    schema: [32m'public'[39m,
    table: [32m'chat_messages'[39m,
    column: [90mundefined[39m,
    dataType: [90mundefined[39m,
    constraint: [32m'FK_fc6b58e41e9a871dacbe9077def'[39m,
    file: [32m'ri_triggers.c'[39m,
    line: [32m'2783'[39m,
    routine: [32m'ri_ReportViolation'[39m
  },
  length: [33m295[39m,
  severity: [32m'ERROR'[39m,
  code: [32m'23503'[39m,
  detail: [32m'Key (senderId)=(0) tidak ada dalam table « users ».'[39m,
  hint: [90mundefined[39m,
  position: [90mundefined[39m,
  internalPosition: [90mundefined[39m,
  internalQuery: [90mundefined[39m,
  where: [90mundefined[39m,
  schema: [32m'public'[39m,
  table: [32m'chat_messages'[39m,
  column: [90mundefined[39m,
  dataType: [90mundefined[39m,
  constraint: [32m'FK_fc6b58e41e9a871dacbe9077def'[39m,
  file: [32m'ri_triggers.c'[39m,
  line: [32m'2783'[39m,
  routine: [32m'ri_ReportViolation'[39m
}
[31m[Nest] 3148  - [39m18/03/2026, 13.00.00 [31m  ERROR[39m [38;5;3m[AIService] [39m[31mFailed to save AI state: Cannot find any save handlers for URL 'file://D:\Billiard_APPS\backend\storage\ai\dqn_model'[39m
CRITICAL: Failed to save chat message: QueryFailedError: insert atau update pada table « chat_messages » menyalahin aturan foreign key « FK_fc6b58e41e9a871dacbe9077def »
    at PostgresQueryRunner.query (D:\Billiard_APPS\backend\src\driver\postgres\PostgresQueryRunner.ts:325:19)
    at processTicksAndRejections (node:internal/process/task_queues:105:5)
    at InsertQueryBuilder.execute (D:\Billiard_APPS\backend\src\query-builder\InsertQueryBuilder.ts:164:33)
    at SubjectExecutor.executeInsertOperations (D:\Billiard_APPS\backend\src\persistence\SubjectExecutor.ts:435:42)
    at SubjectExecutor.execute (D:\Billiard_APPS\backend\src\persistence\SubjectExecutor.ts:137:9)
    at EntityPersistExecutor.execute (D:\Billiard_APPS\backend\src\persistence\EntityPersistExecutor.ts:182:21)
    at ChatService.sendMessage (D:\Billiard_APPS\backend\src\chat\chat.service.ts:26:26)
    at CoachingService.coachHighOccupancyUpsell (D:\Billiard_APPS\backend\src\ai\coaching.service.ts:102:9)
    at async Promise.all (index 1)
    at CoachingService.runAutomatedCoaching (D:\Billiard_APPS\backend\src\ai\coaching.service.ts:62:5) {
  query: 'INSERT INTO "chat_messages"("senderId", "receiverId", "message", "timestamp", "isRead", "type", "readByUserId") VALUES ($1, $2, $3, DEFAULT, DEFAULT, $4, $5) RETURNING "id", "timestamp", "isRead", "type"',
  parameters: [
    0,
    4,
    '🔥 Restoran sedang ramai! Ini momen tepat untuk upselling minuman dingin atau cemilan cepat saji (Fast Bites). Ayo tingkatkan rata-rata struk!',
    'AI_COACH',
    '[0]'
  ],
  driverError: error: insert atau update pada table « chat_messages » menyalahin aturan foreign key « FK_fc6b58e41e9a871dacbe9077def »
      at D:\Billiard_APPS\backend\node_modules\pg\lib\client.js:624:17
      at processTicksAndRejections (node:internal/process/task_queues:105:5)
      at PostgresQueryRunner.query (D:\Billiard_APPS\backend\src\driver\postgres\PostgresQueryRunner.ts:254:25)
      at InsertQueryBuilder.execute (D:\Billiard_APPS\backend\src\query-builder\InsertQueryBuilder.ts:164:33)
      at SubjectExecutor.executeInsertOperations (D:\Billiard_APPS\backend\src\persistence\SubjectExecutor.ts:435:42)
      at SubjectExecutor.execute (D:\Billiard_APPS\backend\src\persistence\SubjectExecutor.ts:137:9)
      at EntityPersistExecutor.execute (D:\Billiard_APPS\backend\src\persistence\EntityPersistExecutor.ts:182:21)
      at ChatService.sendMessage (D:\Billiard_APPS\backend\src\chat\chat.service.ts:26:26)
      at CoachingService.coachHighOccupancyUpsell (D:\Billiard_APPS\backend\src\ai\coaching.service.ts:102:9)
      at async Promise.all (index 1) {
    length: 295,
    severity: 'ERROR',
    code: '23503',
    detail: 'Key (senderId)=(0) tidak ada dalam table « users ».',
    hint: undefined,
    position: undefined,
    internalPosition: undefined,
    internalQuery: undefined,
    where: undefined,
    schema: 'public',
    table: 'chat_messages',
    column: undefined,
    dataType: undefined,
    constraint: 'FK_fc6b58e41e9a871dacbe9077def',
    file: 'ri_triggers.c',
    line: '2783',
    routine: 'ri_ReportViolation'
  },
  length: 295,
  severity: 'ERROR',
  code: '23503',
  detail: 'Key (senderId)=(0) tidak ada dalam table « users ».',
  hint: undefined,
  position: undefined,
  internalPosition: undefined,
  internalQuery: undefined,
  where: undefined,
  schema: 'public',
  table: 'chat_messages',
  column: undefined,
  dataType: undefined,
  constraint: 'FK_fc6b58e41e9a871dacbe9077def',
  file: 'ri_triggers.c',
  line: '2783',
  routine: 'ri_ReportViolation'
}
[31m[Nest] 3148  - [39m18/03/2026, 13.00.00 [31m  ERROR[39m [38;5;3m[Scheduler] [39mQueryFailedError: insert atau update pada table « chat_messages » menyalahin aturan foreign key « FK_fc6b58e41e9a871dacbe9077def »
    at PostgresQueryRunner.query [90m(D:\Billiard_APPS\backend\[39msrc\driver\postgres\PostgresQueryRunner.ts:325:19[90m)[39m
[90m    at processTicksAndRejections (node:internal/process/task_queues:105:5)[39m
    at InsertQueryBuilder.execute [90m(D:\Billiard_APPS\backend\[39msrc\query-builder\InsertQueryBuilder.ts:164:33[90m)[39m
    at SubjectExecutor.executeInsertOperations [90m(D:\Billiard_APPS\backend\[39msrc\persistence\SubjectExecutor.ts:435:42[90m)[39m
    at SubjectExecutor.execute [90m(D:\Billiard_APPS\backend\[39msrc\persistence\SubjectExecutor.ts:137:9[90m)[39m
    at EntityPersistExecutor.execute [90m(D:\Billiard_APPS\backend\[39msrc\persistence\EntityPersistExecutor.ts:182:21[90m)[39m
    at ChatService.sendMessage [90m(D:\Billiard_APPS\backend\[39msrc\chat\chat.service.ts:26:26[90m)[39m
    at CoachingService.coachHighOccupancyUpsell [90m(D:\Billiard_APPS\backend\[39msrc\ai\coaching.service.ts:102:9[90m)[39m
    at async Promise.all (index 1)
    at CoachingService.runAutomatedCoaching [90m(D:\Billiard_APPS\backend\[39msrc\ai\coaching.service.ts:62:5[90m)[39m {
  query: [32m'INSERT INTO "chat_messages"("senderId", "receiverId", "message", "timestamp", "isRead", "type", "readByUserId") VALUES ($1, $2, $3, DEFAULT, DEFAULT, $4, $5) RETURNING "id", "timestamp", "isRead", "type"'[39m,
  parameters: [
    [33m0[39m,
    [33m4[39m,
    [32m'🔥 Restoran sedang ramai! Ini momen tepat untuk upselling minuman dingin atau cemilan cepat saji (Fast Bites). Ayo tingkatkan rata-rata struk!'[39m,
    [32m'AI_COACH'[39m,
    [32m'[0]'[39m
  ],
  driverError: error: insert atau update pada table « chat_messages » menyalahin aturan foreign key « FK_fc6b58e41e9a871dacbe9077def »
      at [90mD:\Billiard_APPS\backend\[39mnode_modules\[4mpg[24m\lib\client.js:624:17
  [90m    at processTicksAndRejections (node:internal/process/task_queues:105:5)[39m
      at PostgresQueryRunner.query [90m(D:\Billiard_APPS\backend\[39msrc\driver\postgres\PostgresQueryRunner.ts:254:25[90m)[39m
      at InsertQueryBuilder.execute [90m(D:\Billiard_APPS\backend\[39msrc\query-builder\InsertQueryBuilder.ts:164:33[90m)[39m
      at SubjectExecutor.executeInsertOperations [90m(D:\Billiard_APPS\backend\[39msrc\persistence\SubjectExecutor.ts:435:42[90m)[39m
      at SubjectExecutor.execute [90m(D:\Billiard_APPS\backend\[39msrc\persistence\SubjectExecutor.ts:137:9[90m)[39m
      at EntityPersistExecutor.execute [90m(D:\Billiard_APPS\backend\[39msrc\persistence\EntityPersistExecutor.ts:182:21[90m)[39m
      at ChatService.sendMessage [90m(D:\Billiard_APPS\backend\[39msrc\chat\chat.service.ts:26:26[90m)[39m
      at CoachingService.coachHighOccupancyUpsell [90m(D:\Billiard_APPS\backend\[39msrc\ai\coaching.service.ts:102:9[90m)[39m
      at async Promise.all (index 1) {
    length: [33m295[39m,
    severity: [32m'ERROR'[39m,
    code: [32m'23503'[39m,
    detail: [32m'Key (senderId)=(0) tidak ada dalam table « users ».'[39m,
    hint: [90mundefined[39m,
    position: [90mundefined[39m,
    internalPosition: [90mundefined[39m,
    internalQuery: [90mundefined[39m,
    where: [90mundefined[39m,
    schema: [32m'public'[39m,
    table: [32m'chat_messages'[39m,
    column: [90mundefined[39m,
    dataType: [90mundefined[39m,
    constraint: [32m'FK_fc6b58e41e9a871dacbe9077def'[39m,
    file: [32m'ri_triggers.c'[39m,
    line: [32m'2783'[39m,
    routine: [32m'ri_ReportViolation'[39m
  },
  length: [33m295[39m,
  severity: [32m'ERROR'[39m,
  code: [32m'23503'[39m,
  detail: [32m'Key (senderId)=(0) tidak ada dalam table « users ».'[39m,
  hint: [90mundefined[39m,
  position: [90mundefined[39m,
  internalPosition: [90mundefined[39m,
  internalQuery: [90mundefined[39m,
  where: [90mundefined[39m,
  schema: [32m'public'[39m,
  table: [32m'chat_messages'[39m,
  column: [90mundefined[39m,
  dataType: [90mundefined[39m,
  constraint: [32m'FK_fc6b58e41e9a871dacbe9077def'[39m,
  file: [32m'ri_triggers.c'[39m,
  line: [32m'2783'[39m,
  routine: [32m'ri_ReportViolation'[39m
}
CRITICAL: Failed to save chat message: QueryFailedError: insert atau update pada table « chat_messages » menyalahin aturan foreign key « FK_fc6b58e41e9a871dacbe9077def »
    at PostgresQueryRunner.query (D:\Billiard_APPS\backend\src\driver\postgres\PostgresQueryRunner.ts:325:19)
    at processTicksAndRejections (node:internal/process/task_queues:105:5)
    at InsertQueryBuilder.execute (D:\Billiard_APPS\backend\src\query-builder\InsertQueryBuilder.ts:164:33)
    at SubjectExecutor.executeInsertOperations (D:\Billiard_APPS\backend\src\persistence\SubjectExecutor.ts:435:42)
    at SubjectExecutor.execute (D:\Billiard_APPS\backend\src\persistence\SubjectExecutor.ts:137:9)
    at EntityPersistExecutor.execute (D:\Billiard_APPS\backend\src\persistence\EntityPersistExecutor.ts:182:21)
    at ChatService.sendMessage (D:\Billiard_APPS\backend\src\chat\chat.service.ts:26:26)
    at CoachingService.coachHighOccupancyUpsell (D:\Billiard_APPS\backend\src\ai\coaching.service.ts:102:9)
    at async Promise.all (index 1)
    at CoachingService.runAutomatedCoaching (D:\Billiard_APPS\backend\src\ai\coaching.service.ts:62:5) {
  query: 'INSERT INTO "chat_messages"("senderId", "receiverId", "message", "timestamp", "isRead", "type", "readByUserId") VALUES ($1, $2, $3, DEFAULT, DEFAULT, $4, $5) RETURNING "id", "timestamp", "isRead", "type"',
  parameters: [
    0,
    9,
    '🔥 Restoran sedang ramai! Ini momen tepat untuk upselling minuman dingin atau cemilan cepat saji (Fast Bites). Ayo tingkatkan rata-rata struk!',
    'AI_COACH',
    '[0]'
  ],
  driverError: error: insert atau update pada table « chat_messages » menyalahin aturan foreign key « FK_fc6b58e41e9a871dacbe9077def »
      at D:\Billiard_APPS\backend\node_modules\pg\lib\client.js:624:17
      at processTicksAndRejections (node:internal/process/task_queues:105:5)
      at PostgresQueryRunner.query (D:\Billiard_APPS\backend\src\driver\postgres\PostgresQueryRunner.ts:254:25)
      at InsertQueryBuilder.execute (D:\Billiard_APPS\backend\src\query-builder\InsertQueryBuilder.ts:164:33)
      at SubjectExecutor.executeInsertOperations (D:\Billiard_APPS\backend\src\persistence\SubjectExecutor.ts:435:42)
      at SubjectExecutor.execute (D:\Billiard_APPS\backend\src\persistence\SubjectExecutor.ts:137:9)
      at EntityPersistExecutor.execute (D:\Billiard_APPS\backend\src\persistence\EntityPersistExecutor.ts:182:21)
      at ChatService.sendMessage (D:\Billiard_APPS\backend\src\chat\chat.service.ts:26:26)
      at CoachingService.coachHighOccupancyUpsell (D:\Billiard_APPS\backend\src\ai\coaching.service.ts:102:9)
      at async Promise.all (index 1) {
    length: 295,
    severity: 'ERROR',
    code: '23503',
    detail: 'Key (senderId)=(0) tidak ada dalam table « users ».',
    hint: undefined,
    position: undefined,
    internalPosition: undefined,
    internalQuery: undefined,
    where: undefined,
    schema: 'public',
    table: 'chat_messages',
    column: undefined,
    dataType: undefined,
    constraint: 'FK_fc6b58e41e9a871dacbe9077def',
    file: 'ri_triggers.c',
    line: '2783',
    routine: 'ri_ReportViolation'
  },
  length: 295,
  severity: 'ERROR',
  code: '23503',
  detail: 'Key (senderId)=(0) tidak ada dalam table « users ».',
  hint: undefined,
  position: undefined,
  internalPosition: undefined,
  internalQuery: undefined,
  where: undefined,
  schema: 'public',
  table: 'chat_messages',
  column: undefined,
  dataType: undefined,
  constraint: 'FK_fc6b58e41e9a871dacbe9077def',
  file: 'ri_triggers.c',
  line: '2783',
  routine: 'ri_ReportViolation'
}
[31m[Nest] 3148  - [39m18/03/2026, 13.30.00 [31m  ERROR[39m [38;5;3m[Scheduler] [39mQueryFailedError: insert atau update pada table « chat_messages » menyalahin aturan foreign key « FK_fc6b58e41e9a871dacbe9077def »
    at PostgresQueryRunner.query [90m(D:\Billiard_APPS\backend\[39msrc\driver\postgres\PostgresQueryRunner.ts:325:19[90m)[39m
[90m    at processTicksAndRejections (node:internal/process/task_queues:105:5)[39m
    at InsertQueryBuilder.execute [90m(D:\Billiard_APPS\backend\[39msrc\query-builder\InsertQueryBuilder.ts:164:33[90m)[39m
    at SubjectExecutor.executeInsertOperations [90m(D:\Billiard_APPS\backend\[39msrc\persistence\SubjectExecutor.ts:435:42[90m)[39m
    at SubjectExecutor.execute [90m(D:\Billiard_APPS\backend\[39msrc\persistence\SubjectExecutor.ts:137:9[90m)[39m
    at EntityPersistExecutor.execute [90m(D:\Billiard_APPS\backend\[39msrc\persistence\EntityPersistExecutor.ts:182:21[90m)[39m
    at ChatService.sendMessage [90m(D:\Billiard_APPS\backend\[39msrc\chat\chat.service.ts:26:26[90m)[39m
    at CoachingService.coachHighOccupancyUpsell [90m(D:\Billiard_APPS\backend\[39msrc\ai\coaching.service.ts:102:9[90m)[39m
    at async Promise.all (index 1)
    at CoachingService.runAutomatedCoaching [90m(D:\Billiard_APPS\backend\[39msrc\ai\coaching.service.ts:62:5[90m)[39m {
  query: [32m'INSERT INTO "chat_messages"("senderId", "receiverId", "message", "timestamp", "isRead", "type", "readByUserId") VALUES ($1, $2, $3, DEFAULT, DEFAULT, $4, $5) RETURNING "id", "timestamp", "isRead", "type"'[39m,
  parameters: [
    [33m0[39m,
    [33m9[39m,
    [32m'🔥 Restoran sedang ramai! Ini momen tepat untuk upselling minuman dingin atau cemilan cepat saji (Fast Bites). Ayo tingkatkan rata-rata struk!'[39m,
    [32m'AI_COACH'[39m,
    [32m'[0]'[39m
  ],
  driverError: error: insert atau update pada table « chat_messages » menyalahin aturan foreign key « FK_fc6b58e41e9a871dacbe9077def »
      at [90mD:\Billiard_APPS\backend\[39mnode_modules\[4mpg[24m\lib\client.js:624:17
  [90m    at processTicksAndRejections (node:internal/process/task_queues:105:5)[39m
      at PostgresQueryRunner.query [90m(D:\Billiard_APPS\backend\[39msrc\driver\postgres\PostgresQueryRunner.ts:254:25[90m)[39m
      at InsertQueryBuilder.execute [90m(D:\Billiard_APPS\backend\[39msrc\query-builder\InsertQueryBuilder.ts:164:33[90m)[39m
      at SubjectExecutor.executeInsertOperations [90m(D:\Billiard_APPS\backend\[39msrc\persistence\SubjectExecutor.ts:435:42[90m)[39m
      at SubjectExecutor.execute [90m(D:\Billiard_APPS\backend\[39msrc\persistence\SubjectExecutor.ts:137:9[90m)[39m
      at EntityPersistExecutor.execute [90m(D:\Billiard_APPS\backend\[39msrc\persistence\EntityPersistExecutor.ts:182:21[90m)[39m
      at ChatService.sendMessage [90m(D:\Billiard_APPS\backend\[39msrc\chat\chat.service.ts:26:26[90m)[39m
      at CoachingService.coachHighOccupancyUpsell [90m(D:\Billiard_APPS\backend\[39msrc\ai\coaching.service.ts:102:9[90m)[39m
      at async Promise.all (index 1) {
    length: [33m295[39m,
    severity: [32m'ERROR'[39m,
    code: [32m'23503'[39m,
    detail: [32m'Key (senderId)=(0) tidak ada dalam table « users ».'[39m,
    hint: [90mundefined[39m,
    position: [90mundefined[39m,
    internalPosition: [90mundefined[39m,
    internalQuery: [90mundefined[39m,
    where: [90mundefined[39m,
    schema: [32m'public'[39m,
    table: [32m'chat_messages'[39m,
    column: [90mundefined[39m,
    dataType: [90mundefined[39m,
    constraint: [32m'FK_fc6b58e41e9a871dacbe9077def'[39m,
    file: [32m'ri_triggers.c'[39m,
    line: [32m'2783'[39m,
    routine: [32m'ri_ReportViolation'[39m
  },
  length: [33m295[39m,
  severity: [32m'ERROR'[39m,
  code: [32m'23503'[39m,
  detail: [32m'Key (senderId)=(0) tidak ada dalam table « users ».'[39m,
  hint: [90mundefined[39m,
  position: [90mundefined[39m,
  internalPosition: [90mundefined[39m,
  internalQuery: [90mundefined[39m,
  where: [90mundefined[39m,
  schema: [32m'public'[39m,
  table: [32m'chat_messages'[39m,
  column: [90mundefined[39m,
  dataType: [90mundefined[39m,
  constraint: [32m'FK_fc6b58e41e9a871dacbe9077def'[39m,
  file: [32m'ri_triggers.c'[39m,
  line: [32m'2783'[39m,
  routine: [32m'ri_ReportViolation'[39m
}
[31m[Nest] 3148  - [39m18/03/2026, 14.00.02 [31m  ERROR[39m [38;5;3m[AIService] [39m[31mFailed to save AI state: Cannot find any save handlers for URL 'file://D:\Billiard_APPS\backend\storage\ai\dqn_model'[39m
CRITICAL: Failed to save chat message: QueryFailedError: insert atau update pada table « chat_messages » menyalahin aturan foreign key « FK_fc6b58e41e9a871dacbe9077def »
    at PostgresQueryRunner.query (D:\Billiard_APPS\backend\src\driver\postgres\PostgresQueryRunner.ts:325:19)
    at processTicksAndRejections (node:internal/process/task_queues:105:5)
    at InsertQueryBuilder.execute (D:\Billiard_APPS\backend\src\query-builder\InsertQueryBuilder.ts:164:33)
    at SubjectExecutor.executeInsertOperations (D:\Billiard_APPS\backend\src\persistence\SubjectExecutor.ts:435:42)
    at SubjectExecutor.execute (D:\Billiard_APPS\backend\src\persistence\SubjectExecutor.ts:137:9)
    at EntityPersistExecutor.execute (D:\Billiard_APPS\backend\src\persistence\EntityPersistExecutor.ts:182:21)
    at ChatService.sendMessage (D:\Billiard_APPS\backend\src\chat\chat.service.ts:26:26)
    at CoachingService.coachHighOccupancyUpsell (D:\Billiard_APPS\backend\src\ai\coaching.service.ts:102:9)
    at async Promise.all (index 1)
    at CoachingService.runAutomatedCoaching (D:\Billiard_APPS\backend\src\ai\coaching.service.ts:62:5) {
  query: 'INSERT INTO "chat_messages"("senderId", "receiverId", "message", "timestamp", "isRead", "type", "readByUserId") VALUES ($1, $2, $3, DEFAULT, DEFAULT, $4, $5) RETURNING "id", "timestamp", "isRead", "type"',
  parameters: [
    0,
    3,
    '🔥 Restoran sedang ramai! Ini momen tepat untuk upselling minuman dingin atau cemilan cepat saji (Fast Bites). Ayo tingkatkan rata-rata struk!',
    'AI_COACH',
    '[0]'
  ],
  driverError: error: insert atau update pada table « chat_messages » menyalahin aturan foreign key « FK_fc6b58e41e9a871dacbe9077def »
      at D:\Billiard_APPS\backend\node_modules\pg\lib\client.js:624:17
      at processTicksAndRejections (node:internal/process/task_queues:105:5)
      at PostgresQueryRunner.query (D:\Billiard_APPS\backend\src\driver\postgres\PostgresQueryRunner.ts:254:25)
      at InsertQueryBuilder.execute (D:\Billiard_APPS\backend\src\query-builder\InsertQueryBuilder.ts:164:33)
      at SubjectExecutor.executeInsertOperations (D:\Billiard_APPS\backend\src\persistence\SubjectExecutor.ts:435:42)
      at SubjectExecutor.execute (D:\Billiard_APPS\backend\src\persistence\SubjectExecutor.ts:137:9)
      at EntityPersistExecutor.execute (D:\Billiard_APPS\backend\src\persistence\EntityPersistExecutor.ts:182:21)
      at ChatService.sendMessage (D:\Billiard_APPS\backend\src\chat\chat.service.ts:26:26)
      at CoachingService.coachHighOccupancyUpsell (D:\Billiard_APPS\backend\src\ai\coaching.service.ts:102:9)
      at async Promise.all (index 1) {
    length: 295,
    severity: 'ERROR',
    code: '23503',
    detail: 'Key (senderId)=(0) tidak ada dalam table « users ».',
    hint: undefined,
    position: undefined,
    internalPosition: undefined,
    internalQuery: undefined,
    where: undefined,
    schema: 'public',
    table: 'chat_messages',
    column: undefined,
    dataType: undefined,
    constraint: 'FK_fc6b58e41e9a871dacbe9077def',
    file: 'ri_triggers.c',
    line: '2783',
    routine: 'ri_ReportViolation'
  },
  length: 295,
  severity: 'ERROR',
  code: '23503',
  detail: 'Key (senderId)=(0) tidak ada dalam table « users ».',
  hint: undefined,
  position: undefined,
  internalPosition: undefined,
  internalQuery: undefined,
  where: undefined,
  schema: 'public',
  table: 'chat_messages',
  column: undefined,
  dataType: undefined,
  constraint: 'FK_fc6b58e41e9a871dacbe9077def',
  file: 'ri_triggers.c',
  line: '2783',
  routine: 'ri_ReportViolation'
}
[31m[Nest] 3148  - [39m18/03/2026, 14.00.02 [31m  ERROR[39m [38;5;3m[Scheduler] [39mQueryFailedError: insert atau update pada table « chat_messages » menyalahin aturan foreign key « FK_fc6b58e41e9a871dacbe9077def »
    at PostgresQueryRunner.query [90m(D:\Billiard_APPS\backend\[39msrc\driver\postgres\PostgresQueryRunner.ts:325:19[90m)[39m
[90m    at processTicksAndRejections (node:internal/process/task_queues:105:5)[39m
    at InsertQueryBuilder.execute [90m(D:\Billiard_APPS\backend\[39msrc\query-builder\InsertQueryBuilder.ts:164:33[90m)[39m
    at SubjectExecutor.executeInsertOperations [90m(D:\Billiard_APPS\backend\[39msrc\persistence\SubjectExecutor.ts:435:42[90m)[39m
    at SubjectExecutor.execute [90m(D:\Billiard_APPS\backend\[39msrc\persistence\SubjectExecutor.ts:137:9[90m)[39m
    at EntityPersistExecutor.execute [90m(D:\Billiard_APPS\backend\[39msrc\persistence\EntityPersistExecutor.ts:182:21[90m)[39m
    at ChatService.sendMessage [90m(D:\Billiard_APPS\backend\[39msrc\chat\chat.service.ts:26:26[90m)[39m
    at CoachingService.coachHighOccupancyUpsell [90m(D:\Billiard_APPS\backend\[39msrc\ai\coaching.service.ts:102:9[90m)[39m
    at async Promise.all (index 1)
    at CoachingService.runAutomatedCoaching [90m(D:\Billiard_APPS\backend\[39msrc\ai\coaching.service.ts:62:5[90m)[39m {
  query: [32m'INSERT INTO "chat_messages"("senderId", "receiverId", "message", "timestamp", "isRead", "type", "readByUserId") VALUES ($1, $2, $3, DEFAULT, DEFAULT, $4, $5) RETURNING "id", "timestamp", "isRead", "type"'[39m,
  parameters: [
    [33m0[39m,
    [33m3[39m,
    [32m'🔥 Restoran sedang ramai! Ini momen tepat untuk upselling minuman dingin atau cemilan cepat saji (Fast Bites). Ayo tingkatkan rata-rata struk!'[39m,
    [32m'AI_COACH'[39m,
    [32m'[0]'[39m
  ],
  driverError: error: insert atau update pada table « chat_messages » menyalahin aturan foreign key « FK_fc6b58e41e9a871dacbe9077def »
      at [90mD:\Billiard_APPS\backend\[39mnode_modules\[4mpg[24m\lib\client.js:624:17
  [90m    at processTicksAndRejections (node:internal/process/task_queues:105:5)[39m
      at PostgresQueryRunner.query [90m(D:\Billiard_APPS\backend\[39msrc\driver\postgres\PostgresQueryRunner.ts:254:25[90m)[39m
      at InsertQueryBuilder.execute [90m(D:\Billiard_APPS\backend\[39msrc\query-builder\InsertQueryBuilder.ts:164:33[90m)[39m
      at SubjectExecutor.executeInsertOperations [90m(D:\Billiard_APPS\backend\[39msrc\persistence\SubjectExecutor.ts:435:42[90m)[39m
      at SubjectExecutor.execute [90m(D:\Billiard_APPS\backend\[39msrc\persistence\SubjectExecutor.ts:137:9[90m)[39m
      at EntityPersistExecutor.execute [90m(D:\Billiard_APPS\backend\[39msrc\persistence\EntityPersistExecutor.ts:182:21[90m)[39m
      at ChatService.sendMessage [90m(D:\Billiard_APPS\backend\[39msrc\chat\chat.service.ts:26:26[90m)[39m
      at CoachingService.coachHighOccupancyUpsell [90m(D:\Billiard_APPS\backend\[39msrc\ai\coaching.service.ts:102:9[90m)[39m
      at async Promise.all (index 1) {
    length: [33m295[39m,
    severity: [32m'ERROR'[39m,
    code: [32m'23503'[39m,
    detail: [32m'Key (senderId)=(0) tidak ada dalam table « users ».'[39m,
    hint: [90mundefined[39m,
    position: [90mundefined[39m,
    internalPosition: [90mundefined[39m,
    internalQuery: [90mundefined[39m,
    where: [90mundefined[39m,
    schema: [32m'public'[39m,
    table: [32m'chat_messages'[39m,
    column: [90mundefined[39m,
    dataType: [90mundefined[39m,
    constraint: [32m'FK_fc6b58e41e9a871dacbe9077def'[39m,
    file: [32m'ri_triggers.c'[39m,
    line: [32m'2783'[39m,
    routine: [32m'ri_ReportViolation'[39m
  },
  length: [33m295[39m,
  severity: [32m'ERROR'[39m,
  code: [32m'23503'[39m,
  detail: [32m'Key (senderId)=(0) tidak ada dalam table « users ».'[39m,
  hint: [90mundefined[39m,
  position: [90mundefined[39m,
  internalPosition: [90mundefined[39m,
  internalQuery: [90mundefined[39m,
  where: [90mundefined[39m,
  schema: [32m'public'[39m,
  table: [32m'chat_messages'[39m,
  column: [90mundefined[39m,
  dataType: [90mundefined[39m,
  constraint: [32m'FK_fc6b58e41e9a871dacbe9077def'[39m,
  file: [32m'ri_triggers.c'[39m,
  line: [32m'2783'[39m,
  routine: [32m'ri_ReportViolation'[39m
}
CRITICAL: Failed to save chat message: QueryFailedError: insert atau update pada table « chat_messages » menyalahin aturan foreign key « FK_fc6b58e41e9a871dacbe9077def »
    at PostgresQueryRunner.query (D:\Billiard_APPS\backend\src\driver\postgres\PostgresQueryRunner.ts:325:19)
    at processTicksAndRejections (node:internal/process/task_queues:105:5)
    at InsertQueryBuilder.execute (D:\Billiard_APPS\backend\src\query-builder\InsertQueryBuilder.ts:164:33)
    at SubjectExecutor.executeInsertOperations (D:\Billiard_APPS\backend\src\persistence\SubjectExecutor.ts:435:42)
    at SubjectExecutor.execute (D:\Billiard_APPS\backend\src\persistence\SubjectExecutor.ts:137:9)
    at EntityPersistExecutor.execute (D:\Billiard_APPS\backend\src\persistence\EntityPersistExecutor.ts:182:21)
    at ChatService.sendMessage (D:\Billiard_APPS\backend\src\chat\chat.service.ts:26:26)
    at CoachingService.coachLowPerformanceWaiters (D:\Billiard_APPS\backend\src\ai\coaching.service.ts:87:9)
    at async Promise.all (index 0) {
  query: 'INSERT INTO "chat_messages"("senderId", "receiverId", "message", "timestamp", "isRead", "type", "readByUserId") VALUES ($1, $2, $3, DEFAULT, DEFAULT, $4, $5) RETURNING "id", "timestamp", "isRead", "type"',
  parameters: [
    0,
    5,
    "Halo caca, AI mendeteksi ROI-mu sedikit di bawah rata-rata hari ini. Coba tawarkan menu 'Best Seller' atau paket Billiard tambahan ke pelanggan di mejamu ya! Semangat! 💪",
    'AI_COACH',
    '[0]'
  ],
  driverError: error: insert atau update pada table « chat_messages » menyalahin aturan foreign key « FK_fc6b58e41e9a871dacbe9077def »
      at D:\Billiard_APPS\backend\node_modules\pg\lib\client.js:624:17
      at processTicksAndRejections (node:internal/process/task_queues:105:5)
      at PostgresQueryRunner.query (D:\Billiard_APPS\backend\src\driver\postgres\PostgresQueryRunner.ts:254:25)
      at InsertQueryBuilder.execute (D:\Billiard_APPS\backend\src\query-builder\InsertQueryBuilder.ts:164:33)
      at SubjectExecutor.executeInsertOperations (D:\Billiard_APPS\backend\src\persistence\SubjectExecutor.ts:435:42)
      at SubjectExecutor.execute (D:\Billiard_APPS\backend\src\persistence\SubjectExecutor.ts:137:9)
      at EntityPersistExecutor.execute (D:\Billiard_APPS\backend\src\persistence\EntityPersistExecutor.ts:182:21)
      at ChatService.sendMessage (D:\Billiard_APPS\backend\src\chat\chat.service.ts:26:26)
      at CoachingService.coachLowPerformanceWaiters (D:\Billiard_APPS\backend\src\ai\coaching.service.ts:87:9)
      at async Promise.all (index 0) {
    length: 295,
    severity: 'ERROR',
    code: '23503',
    detail: 'Key (senderId)=(0) tidak ada dalam table « users ».',
    hint: undefined,
    position: undefined,
    internalPosition: undefined,
    internalQuery: undefined,
    where: undefined,
    schema: 'public',
    table: 'chat_messages',
    column: undefined,
    dataType: undefined,
    constraint: 'FK_fc6b58e41e9a871dacbe9077def',
    file: 'ri_triggers.c',
    line: '2783',
    routine: 'ri_ReportViolation'
  },
  length: 295,
  severity: 'ERROR',
  code: '23503',
  detail: 'Key (senderId)=(0) tidak ada dalam table « users ».',
  hint: undefined,
  position: undefined,
  internalPosition: undefined,
  internalQuery: undefined,
  where: undefined,
  schema: 'public',
  table: 'chat_messages',
  column: undefined,
  dataType: undefined,
  constraint: 'FK_fc6b58e41e9a871dacbe9077def',
  file: 'ri_triggers.c',
  line: '2783',
  routine: 'ri_ReportViolation'
}
[31m[Nest] 3148  - [39m18/03/2026, 15.00.00 [31m  ERROR[39m [38;5;3m[AIService] [39m[31mFailed to save AI state: Cannot find any save handlers for URL 'file://D:\Billiard_APPS\backend\storage\ai\dqn_model'[39m
CRITICAL: Failed to save chat message: QueryFailedError: insert atau update pada table « chat_messages » menyalahin aturan foreign key « FK_fc6b58e41e9a871dacbe9077def »
    at PostgresQueryRunner.query (D:\Billiard_APPS\backend\src\driver\postgres\PostgresQueryRunner.ts:325:19)
    at processTicksAndRejections (node:internal/process/task_queues:105:5)
    at InsertQueryBuilder.execute (D:\Billiard_APPS\backend\src\query-builder\InsertQueryBuilder.ts:164:33)
    at SubjectExecutor.executeInsertOperations (D:\Billiard_APPS\backend\src\persistence\SubjectExecutor.ts:435:42)
    at SubjectExecutor.execute (D:\Billiard_APPS\backend\src\persistence\SubjectExecutor.ts:137:9)
    at EntityPersistExecutor.execute (D:\Billiard_APPS\backend\src\persistence\EntityPersistExecutor.ts:182:21)
    at ChatService.sendMessage (D:\Billiard_APPS\backend\src\chat\chat.service.ts:26:26)
    at CoachingService.coachHighOccupancyUpsell (D:\Billiard_APPS\backend\src\ai\coaching.service.ts:102:9)
    at async Promise.all (index 1)
    at CoachingService.runAutomatedCoaching (D:\Billiard_APPS\backend\src\ai\coaching.service.ts:62:5) {
  query: 'INSERT INTO "chat_messages"("senderId", "receiverId", "message", "timestamp", "isRead", "type", "readByUserId") VALUES ($1, $2, $3, DEFAULT, DEFAULT, $4, $5) RETURNING "id", "timestamp", "isRead", "type"',
  parameters: [
    0,
    5,
    '🔥 Restoran sedang ramai! Ini momen tepat untuk upselling minuman dingin atau cemilan cepat saji (Fast Bites). Ayo tingkatkan rata-rata struk!',
    'AI_COACH',
    '[0]'
  ],
  driverError: error: insert atau update pada table « chat_messages » menyalahin aturan foreign key « FK_fc6b58e41e9a871dacbe9077def »
      at D:\Billiard_APPS\backend\node_modules\pg\lib\client.js:624:17
      at processTicksAndRejections (node:internal/process/task_queues:105:5)
      at PostgresQueryRunner.query (D:\Billiard_APPS\backend\src\driver\postgres\PostgresQueryRunner.ts:254:25)
      at InsertQueryBuilder.execute (D:\Billiard_APPS\backend\src\query-builder\InsertQueryBuilder.ts:164:33)
      at SubjectExecutor.executeInsertOperations (D:\Billiard_APPS\backend\src\persistence\SubjectExecutor.ts:435:42)
      at SubjectExecutor.execute (D:\Billiard_APPS\backend\src\persistence\SubjectExecutor.ts:137:9)
      at EntityPersistExecutor.execute (D:\Billiard_APPS\backend\src\persistence\EntityPersistExecutor.ts:182:21)
      at ChatService.sendMessage (D:\Billiard_APPS\backend\src\chat\chat.service.ts:26:26)
      at CoachingService.coachHighOccupancyUpsell (D:\Billiard_APPS\backend\src\ai\coaching.service.ts:102:9)
      at async Promise.all (index 1) {
    length: 295,
    severity: 'ERROR',
    code: '23503',
    detail: 'Key (senderId)=(0) tidak ada dalam table « users ».',
    hint: undefined,
    position: undefined,
    internalPosition: undefined,
    internalQuery: undefined,
    where: undefined,
    schema: 'public',
    table: 'chat_messages',
    column: undefined,
    dataType: undefined,
    constraint: 'FK_fc6b58e41e9a871dacbe9077def',
    file: 'ri_triggers.c',
    line: '2783',
    routine: 'ri_ReportViolation'
  },
  length: 295,
  severity: 'ERROR',
  code: '23503',
  detail: 'Key (senderId)=(0) tidak ada dalam table « users ».',
  hint: undefined,
  position: undefined,
  internalPosition: undefined,
  internalQuery: undefined,
  where: undefined,
  schema: 'public',
  table: 'chat_messages',
  column: undefined,
  dataType: undefined,
  constraint: 'FK_fc6b58e41e9a871dacbe9077def',
  file: 'ri_triggers.c',
  line: '2783',
  routine: 'ri_ReportViolation'
}
[31m[Nest] 3148  - [39m18/03/2026, 15.00.00 [31m  ERROR[39m [38;5;3m[Scheduler] [39mQueryFailedError: insert atau update pada table « chat_messages » menyalahin aturan foreign key « FK_fc6b58e41e9a871dacbe9077def »
    at PostgresQueryRunner.query [90m(D:\Billiard_APPS\backend\[39msrc\driver\postgres\PostgresQueryRunner.ts:325:19[90m)[39m
[90m    at processTicksAndRejections (node:internal/process/task_queues:105:5)[39m
    at InsertQueryBuilder.execute [90m(D:\Billiard_APPS\backend\[39msrc\query-builder\InsertQueryBuilder.ts:164:33[90m)[39m
    at SubjectExecutor.executeInsertOperations [90m(D:\Billiard_APPS\backend\[39msrc\persistence\SubjectExecutor.ts:435:42[90m)[39m
    at SubjectExecutor.execute [90m(D:\Billiard_APPS\backend\[39msrc\persistence\SubjectExecutor.ts:137:9[90m)[39m
    at EntityPersistExecutor.execute [90m(D:\Billiard_APPS\backend\[39msrc\persistence\EntityPersistExecutor.ts:182:21[90m)[39m
    at ChatService.sendMessage [90m(D:\Billiard_APPS\backend\[39msrc\chat\chat.service.ts:26:26[90m)[39m
    at CoachingService.coachHighOccupancyUpsell [90m(D:\Billiard_APPS\backend\[39msrc\ai\coaching.service.ts:102:9[90m)[39m
    at async Promise.all (index 1)
    at CoachingService.runAutomatedCoaching [90m(D:\Billiard_APPS\backend\[39msrc\ai\coaching.service.ts:62:5[90m)[39m {
  query: [32m'INSERT INTO "chat_messages"("senderId", "receiverId", "message", "timestamp", "isRead", "type", "readByUserId") VALUES ($1, $2, $3, DEFAULT, DEFAULT, $4, $5) RETURNING "id", "timestamp", "isRead", "type"'[39m,
  parameters: [
    [33m0[39m,
    [33m5[39m,
    [32m'🔥 Restoran sedang ramai! Ini momen tepat untuk upselling minuman dingin atau cemilan cepat saji (Fast Bites). Ayo tingkatkan rata-rata struk!'[39m,
    [32m'AI_COACH'[39m,
    [32m'[0]'[39m
  ],
  driverError: error: insert atau update pada table « chat_messages » menyalahin aturan foreign key « FK_fc6b58e41e9a871dacbe9077def »
      at [90mD:\Billiard_APPS\backend\[39mnode_modules\[4mpg[24m\lib\client.js:624:17
  [90m    at processTicksAndRejections (node:internal/process/task_queues:105:5)[39m
      at PostgresQueryRunner.query [90m(D:\Billiard_APPS\backend\[39msrc\driver\postgres\PostgresQueryRunner.ts:254:25[90m)[39m
      at InsertQueryBuilder.execute [90m(D:\Billiard_APPS\backend\[39msrc\query-builder\InsertQueryBuilder.ts:164:33[90m)[39m
      at SubjectExecutor.executeInsertOperations [90m(D:\Billiard_APPS\backend\[39msrc\persistence\SubjectExecutor.ts:435:42[90m)[39m
      at SubjectExecutor.execute [90m(D:\Billiard_APPS\backend\[39msrc\persistence\SubjectExecutor.ts:137:9[90m)[39m
      at EntityPersistExecutor.execute [90m(D:\Billiard_APPS\backend\[39msrc\persistence\EntityPersistExecutor.ts:182:21[90m)[39m
      at ChatService.sendMessage [90m(D:\Billiard_APPS\backend\[39msrc\chat\chat.service.ts:26:26[90m)[39m
      at CoachingService.coachHighOccupancyUpsell [90m(D:\Billiard_APPS\backend\[39msrc\ai\coaching.service.ts:102:9[90m)[39m
      at async Promise.all (index 1) {
    length: [33m295[39m,
    severity: [32m'ERROR'[39m,
    code: [32m'23503'[39m,
    detail: [32m'Key (senderId)=(0) tidak ada dalam table « users ».'[39m,
    hint: [90mundefined[39m,
    position: [90mundefined[39m,
    internalPosition: [90mundefined[39m,
    internalQuery: [90mundefined[39m,
    where: [90mundefined[39m,
    schema: [32m'public'[39m,
    table: [32m'chat_messages'[39m,
    column: [90mundefined[39m,
    dataType: [90mundefined[39m,
    constraint: [32m'FK_fc6b58e41e9a871dacbe9077def'[39m,
    file: [32m'ri_triggers.c'[39m,
    line: [32m'2783'[39m,
    routine: [32m'ri_ReportViolation'[39m
  },
  length: [33m295[39m,
  severity: [32m'ERROR'[39m,
  code: [32m'23503'[39m,
  detail: [32m'Key (senderId)=(0) tidak ada dalam table « users ».'[39m,
  hint: [90mundefined[39m,
  position: [90mundefined[39m,
  internalPosition: [90mundefined[39m,
  internalQuery: [90mundefined[39m,
  where: [90mundefined[39m,
  schema: [32m'public'[39m,
  table: [32m'chat_messages'[39m,
  column: [90mundefined[39m,
  dataType: [90mundefined[39m,
  constraint: [32m'FK_fc6b58e41e9a871dacbe9077def'[39m,
  file: [32m'ri_triggers.c'[39m,
  line: [32m'2783'[39m,
  routine: [32m'ri_ReportViolation'[39m
}
CRITICAL: Failed to save chat message: QueryFailedError: insert atau update pada table « chat_messages » menyalahin aturan foreign key « FK_fc6b58e41e9a871dacbe9077def »
    at PostgresQueryRunner.query (D:\Billiard_APPS\backend\src\driver\postgres\PostgresQueryRunner.ts:325:19)
    at processTicksAndRejections (node:internal/process/task_queues:105:5)
    at InsertQueryBuilder.execute (D:\Billiard_APPS\backend\src\query-builder\InsertQueryBuilder.ts:164:33)
    at SubjectExecutor.executeInsertOperations (D:\Billiard_APPS\backend\src\persistence\SubjectExecutor.ts:435:42)
    at SubjectExecutor.execute (D:\Billiard_APPS\backend\src\persistence\SubjectExecutor.ts:137:9)
    at EntityPersistExecutor.execute (D:\Billiard_APPS\backend\src\persistence\EntityPersistExecutor.ts:182:21)
    at ChatService.sendMessage (D:\Billiard_APPS\backend\src\chat\chat.service.ts:26:26)
    at CoachingService.coachHighOccupancyUpsell (D:\Billiard_APPS\backend\src\ai\coaching.service.ts:102:9)
    at async Promise.all (index 1)
    at CoachingService.runAutomatedCoaching (D:\Billiard_APPS\backend\src\ai\coaching.service.ts:62:5) {
  query: 'INSERT INTO "chat_messages"("senderId", "receiverId", "message", "timestamp", "isRead", "type", "readByUserId") VALUES ($1, $2, $3, DEFAULT, DEFAULT, $4, $5) RETURNING "id", "timestamp", "isRead", "type"',
  parameters: [
    0,
    4,
    '🔥 Restoran sedang ramai! Ini momen tepat untuk upselling minuman dingin atau cemilan cepat saji (Fast Bites). Ayo tingkatkan rata-rata struk!',
    'AI_COACH',
    '[0]'
  ],
  driverError: error: insert atau update pada table « chat_messages » menyalahin aturan foreign key « FK_fc6b58e41e9a871dacbe9077def »
      at D:\Billiard_APPS\backend\node_modules\pg\lib\client.js:624:17
      at processTicksAndRejections (node:internal/process/task_queues:105:5)
      at PostgresQueryRunner.query (D:\Billiard_APPS\backend\src\driver\postgres\PostgresQueryRunner.ts:254:25)
      at InsertQueryBuilder.execute (D:\Billiard_APPS\backend\src\query-builder\InsertQueryBuilder.ts:164:33)
      at SubjectExecutor.executeInsertOperations (D:\Billiard_APPS\backend\src\persistence\SubjectExecutor.ts:435:42)
      at SubjectExecutor.execute (D:\Billiard_APPS\backend\src\persistence\SubjectExecutor.ts:137:9)
      at EntityPersistExecutor.execute (D:\Billiard_APPS\backend\src\persistence\EntityPersistExecutor.ts:182:21)
      at ChatService.sendMessage (D:\Billiard_APPS\backend\src\chat\chat.service.ts:26:26)
      at CoachingService.coachHighOccupancyUpsell (D:\Billiard_APPS\backend\src\ai\coaching.service.ts:102:9)
      at async Promise.all (index 1) {
    length: 295,
    severity: 'ERROR',
    code: '23503',
    detail: 'Key (senderId)=(0) tidak ada dalam table « users ».',
    hint: undefined,
    position: undefined,
    internalPosition: undefined,
    internalQuery: undefined,
    where: undefined,
    schema: 'public',
    table: 'chat_messages',
    column: undefined,
    dataType: undefined,
    constraint: 'FK_fc6b58e41e9a871dacbe9077def',
    file: 'ri_triggers.c',
    line: '2783',
    routine: 'ri_ReportViolation'
  },
  length: 295,
  severity: 'ERROR',
  code: '23503',
  detail: 'Key (senderId)=(0) tidak ada dalam table « users ».',
  hint: undefined,
  position: undefined,
  internalPosition: undefined,
  internalQuery: undefined,
  where: undefined,
  schema: 'public',
  table: 'chat_messages',
  column: undefined,
  dataType: undefined,
  constraint: 'FK_fc6b58e41e9a871dacbe9077def',
  file: 'ri_triggers.c',
  line: '2783',
  routine: 'ri_ReportViolation'
}
[31m[Nest] 3148  - [39m18/03/2026, 15.30.00 [31m  ERROR[39m [38;5;3m[Scheduler] [39mQueryFailedError: insert atau update pada table « chat_messages » menyalahin aturan foreign key « FK_fc6b58e41e9a871dacbe9077def »
    at PostgresQueryRunner.query [90m(D:\Billiard_APPS\backend\[39msrc\driver\postgres\PostgresQueryRunner.ts:325:19[90m)[39m
[90m    at processTicksAndRejections (node:internal/process/task_queues:105:5)[39m
    at InsertQueryBuilder.execute [90m(D:\Billiard_APPS\backend\[39msrc\query-builder\InsertQueryBuilder.ts:164:33[90m)[39m
    at SubjectExecutor.executeInsertOperations [90m(D:\Billiard_APPS\backend\[39msrc\persistence\SubjectExecutor.ts:435:42[90m)[39m
    at SubjectExecutor.execute [90m(D:\Billiard_APPS\backend\[39msrc\persistence\SubjectExecutor.ts:137:9[90m)[39m
    at EntityPersistExecutor.execute [90m(D:\Billiard_APPS\backend\[39msrc\persistence\EntityPersistExecutor.ts:182:21[90m)[39m
    at ChatService.sendMessage [90m(D:\Billiard_APPS\backend\[39msrc\chat\chat.service.ts:26:26[90m)[39m
    at CoachingService.coachHighOccupancyUpsell [90m(D:\Billiard_APPS\backend\[39msrc\ai\coaching.service.ts:102:9[90m)[39m
    at async Promise.all (index 1)
    at CoachingService.runAutomatedCoaching [90m(D:\Billiard_APPS\backend\[39msrc\ai\coaching.service.ts:62:5[90m)[39m {
  query: [32m'INSERT INTO "chat_messages"("senderId", "receiverId", "message", "timestamp", "isRead", "type", "readByUserId") VALUES ($1, $2, $3, DEFAULT, DEFAULT, $4, $5) RETURNING "id", "timestamp", "isRead", "type"'[39m,
  parameters: [
    [33m0[39m,
    [33m4[39m,
    [32m'🔥 Restoran sedang ramai! Ini momen tepat untuk upselling minuman dingin atau cemilan cepat saji (Fast Bites). Ayo tingkatkan rata-rata struk!'[39m,
    [32m'AI_COACH'[39m,
    [32m'[0]'[39m
  ],
  driverError: error: insert atau update pada table « chat_messages » menyalahin aturan foreign key « FK_fc6b58e41e9a871dacbe9077def »
      at [90mD:\Billiard_APPS\backend\[39mnode_modules\[4mpg[24m\lib\client.js:624:17
  [90m    at processTicksAndRejections (node:internal/process/task_queues:105:5)[39m
      at PostgresQueryRunner.query [90m(D:\Billiard_APPS\backend\[39msrc\driver\postgres\PostgresQueryRunner.ts:254:25[90m)[39m
      at InsertQueryBuilder.execute [90m(D:\Billiard_APPS\backend\[39msrc\query-builder\InsertQueryBuilder.ts:164:33[90m)[39m
      at SubjectExecutor.executeInsertOperations [90m(D:\Billiard_APPS\backend\[39msrc\persistence\SubjectExecutor.ts:435:42[90m)[39m
      at SubjectExecutor.execute [90m(D:\Billiard_APPS\backend\[39msrc\persistence\SubjectExecutor.ts:137:9[90m)[39m
      at EntityPersistExecutor.execute [90m(D:\Billiard_APPS\backend\[39msrc\persistence\EntityPersistExecutor.ts:182:21[90m)[39m
      at ChatService.sendMessage [90m(D:\Billiard_APPS\backend\[39msrc\chat\chat.service.ts:26:26[90m)[39m
      at CoachingService.coachHighOccupancyUpsell [90m(D:\Billiard_APPS\backend\[39msrc\ai\coaching.service.ts:102:9[90m)[39m
      at async Promise.all (index 1) {
    length: [33m295[39m,
    severity: [32m'ERROR'[39m,
    code: [32m'23503'[39m,
    detail: [32m'Key (senderId)=(0) tidak ada dalam table « users ».'[39m,
    hint: [90mundefined[39m,
    position: [90mundefined[39m,
    internalPosition: [90mundefined[39m,
    internalQuery: [90mundefined[39m,
    where: [90mundefined[39m,
    schema: [32m'public'[39m,
    table: [32m'chat_messages'[39m,
    column: [90mundefined[39m,
    dataType: [90mundefined[39m,
    constraint: [32m'FK_fc6b58e41e9a871dacbe9077def'[39m,
    file: [32m'ri_triggers.c'[39m,
    line: [32m'2783'[39m,
    routine: [32m'ri_ReportViolation'[39m
  },
  length: [33m295[39m,
  severity: [32m'ERROR'[39m,
  code: [32m'23503'[39m,
  detail: [32m'Key (senderId)=(0) tidak ada dalam table « users ».'[39m,
  hint: [90mundefined[39m,
  position: [90mundefined[39m,
  internalPosition: [90mundefined[39m,
  internalQuery: [90mundefined[39m,
  where: [90mundefined[39m,
  schema: [32m'public'[39m,
  table: [32m'chat_messages'[39m,
  column: [90mundefined[39m,
  dataType: [90mundefined[39m,
  constraint: [32m'FK_fc6b58e41e9a871dacbe9077def'[39m,
  file: [32m'ri_triggers.c'[39m,
  line: [32m'2783'[39m,
  routine: [32m'ri_ReportViolation'[39m
}
[31m[Nest] 3148  - [39m18/03/2026, 16.00.00 [31m  ERROR[39m [38;5;3m[AIService] [39m[31mFailed to save AI state: Cannot find any save handlers for URL 'file://D:\Billiard_APPS\backend\storage\ai\dqn_model'[39m
CRITICAL: Failed to save chat message: QueryFailedError: insert atau update pada table « chat_messages » menyalahin aturan foreign key « FK_fc6b58e41e9a871dacbe9077def »
    at PostgresQueryRunner.query (D:\Billiard_APPS\backend\src\driver\postgres\PostgresQueryRunner.ts:325:19)
    at processTicksAndRejections (node:internal/process/task_queues:105:5)
    at InsertQueryBuilder.execute (D:\Billiard_APPS\backend\src\query-builder\InsertQueryBuilder.ts:164:33)
    at SubjectExecutor.executeInsertOperations (D:\Billiard_APPS\backend\src\persistence\SubjectExecutor.ts:435:42)
    at SubjectExecutor.execute (D:\Billiard_APPS\backend\src\persistence\SubjectExecutor.ts:137:9)
    at EntityPersistExecutor.execute (D:\Billiard_APPS\backend\src\persistence\EntityPersistExecutor.ts:182:21)
    at ChatService.sendMessage (D:\Billiard_APPS\backend\src\chat\chat.service.ts:26:26)
    at CoachingService.coachHighOccupancyUpsell (D:\Billiard_APPS\backend\src\ai\coaching.service.ts:102:9)
    at async Promise.all (index 1)
    at CoachingService.runAutomatedCoaching (D:\Billiard_APPS\backend\src\ai\coaching.service.ts:62:5) {
  query: 'INSERT INTO "chat_messages"("senderId", "receiverId", "message", "timestamp", "isRead", "type", "readByUserId") VALUES ($1, $2, $3, DEFAULT, DEFAULT, $4, $5) RETURNING "id", "timestamp", "isRead", "type"',
  parameters: [
    0,
    9,
    '🔥 Restoran sedang ramai! Ini momen tepat untuk upselling minuman dingin atau cemilan cepat saji (Fast Bites). Ayo tingkatkan rata-rata struk!',
    'AI_COACH',
    '[0]'
  ],
  driverError: error: insert atau update pada table « chat_messages » menyalahin aturan foreign key « FK_fc6b58e41e9a871dacbe9077def »
      at D:\Billiard_APPS\backend\node_modules\pg\lib\client.js:624:17
      at processTicksAndRejections (node:internal/process/task_queues:105:5)
      at PostgresQueryRunner.query (D:\Billiard_APPS\backend\src\driver\postgres\PostgresQueryRunner.ts:254:25)
      at InsertQueryBuilder.execute (D:\Billiard_APPS\backend\src\query-builder\InsertQueryBuilder.ts:164:33)
      at SubjectExecutor.executeInsertOperations (D:\Billiard_APPS\backend\src\persistence\SubjectExecutor.ts:435:42)
      at SubjectExecutor.execute (D:\Billiard_APPS\backend\src\persistence\SubjectExecutor.ts:137:9)
      at EntityPersistExecutor.execute (D:\Billiard_APPS\backend\src\persistence\EntityPersistExecutor.ts:182:21)
      at ChatService.sendMessage (D:\Billiard_APPS\backend\src\chat\chat.service.ts:26:26)
      at CoachingService.coachHighOccupancyUpsell (D:\Billiard_APPS\backend\src\ai\coaching.service.ts:102:9)
      at async Promise.all (index 1) {
    length: 295,
    severity: 'ERROR',
    code: '23503',
    detail: 'Key (senderId)=(0) tidak ada dalam table « users ».',
    hint: undefined,
    position: undefined,
    internalPosition: undefined,
    internalQuery: undefined,
    where: undefined,
    schema: 'public',
    table: 'chat_messages',
    column: undefined,
    dataType: undefined,
    constraint: 'FK_fc6b58e41e9a871dacbe9077def',
    file: 'ri_triggers.c',
    line: '2783',
    routine: 'ri_ReportViolation'
  },
  length: 295,
  severity: 'ERROR',
  code: '23503',
  detail: 'Key (senderId)=(0) tidak ada dalam table « users ».',
  hint: undefined,
  position: undefined,
  internalPosition: undefined,
  internalQuery: undefined,
  where: undefined,
  schema: 'public',
  table: 'chat_messages',
  column: undefined,
  dataType: undefined,
  constraint: 'FK_fc6b58e41e9a871dacbe9077def',
  file: 'ri_triggers.c',
  line: '2783',
  routine: 'ri_ReportViolation'
}
[31m[Nest] 3148  - [39m18/03/2026, 16.00.00 [31m  ERROR[39m [38;5;3m[Scheduler] [39mQueryFailedError: insert atau update pada table « chat_messages » menyalahin aturan foreign key « FK_fc6b58e41e9a871dacbe9077def »
    at PostgresQueryRunner.query [90m(D:\Billiard_APPS\backend\[39msrc\driver\postgres\PostgresQueryRunner.ts:325:19[90m)[39m
[90m    at processTicksAndRejections (node:internal/process/task_queues:105:5)[39m
    at InsertQueryBuilder.execute [90m(D:\Billiard_APPS\backend\[39msrc\query-builder\InsertQueryBuilder.ts:164:33[90m)[39m
    at SubjectExecutor.executeInsertOperations [90m(D:\Billiard_APPS\backend\[39msrc\persistence\SubjectExecutor.ts:435:42[90m)[39m
    at SubjectExecutor.execute [90m(D:\Billiard_APPS\backend\[39msrc\persistence\SubjectExecutor.ts:137:9[90m)[39m
    at EntityPersistExecutor.execute [90m(D:\Billiard_APPS\backend\[39msrc\persistence\EntityPersistExecutor.ts:182:21[90m)[39m
    at ChatService.sendMessage [90m(D:\Billiard_APPS\backend\[39msrc\chat\chat.service.ts:26:26[90m)[39m
    at CoachingService.coachHighOccupancyUpsell [90m(D:\Billiard_APPS\backend\[39msrc\ai\coaching.service.ts:102:9[90m)[39m
    at async Promise.all (index 1)
    at CoachingService.runAutomatedCoaching [90m(D:\Billiard_APPS\backend\[39msrc\ai\coaching.service.ts:62:5[90m)[39m {
  query: [32m'INSERT INTO "chat_messages"("senderId", "receiverId", "message", "timestamp", "isRead", "type", "readByUserId") VALUES ($1, $2, $3, DEFAULT, DEFAULT, $4, $5) RETURNING "id", "timestamp", "isRead", "type"'[39m,
  parameters: [
    [33m0[39m,
    [33m9[39m,
    [32m'🔥 Restoran sedang ramai! Ini momen tepat untuk upselling minuman dingin atau cemilan cepat saji (Fast Bites). Ayo tingkatkan rata-rata struk!'[39m,
    [32m'AI_COACH'[39m,
    [32m'[0]'[39m
  ],
  driverError: error: insert atau update pada table « chat_messages » menyalahin aturan foreign key « FK_fc6b58e41e9a871dacbe9077def »
      at [90mD:\Billiard_APPS\backend\[39mnode_modules\[4mpg[24m\lib\client.js:624:17
  [90m    at processTicksAndRejections (node:internal/process/task_queues:105:5)[39m
      at PostgresQueryRunner.query [90m(D:\Billiard_APPS\backend\[39msrc\driver\postgres\PostgresQueryRunner.ts:254:25[90m)[39m
      at InsertQueryBuilder.execute [90m(D:\Billiard_APPS\backend\[39msrc\query-builder\InsertQueryBuilder.ts:164:33[90m)[39m
      at SubjectExecutor.executeInsertOperations [90m(D:\Billiard_APPS\backend\[39msrc\persistence\SubjectExecutor.ts:435:42[90m)[39m
      at SubjectExecutor.execute [90m(D:\Billiard_APPS\backend\[39msrc\persistence\SubjectExecutor.ts:137:9[90m)[39m
      at EntityPersistExecutor.execute [90m(D:\Billiard_APPS\backend\[39msrc\persistence\EntityPersistExecutor.ts:182:21[90m)[39m
      at ChatService.sendMessage [90m(D:\Billiard_APPS\backend\[39msrc\chat\chat.service.ts:26:26[90m)[39m
      at CoachingService.coachHighOccupancyUpsell [90m(D:\Billiard_APPS\backend\[39msrc\ai\coaching.service.ts:102:9[90m)[39m
      at async Promise.all (index 1) {
    length: [33m295[39m,
    severity: [32m'ERROR'[39m,
    code: [32m'23503'[39m,
    detail: [32m'Key (senderId)=(0) tidak ada dalam table « users ».'[39m,
    hint: [90mundefined[39m,
    position: [90mundefined[39m,
    internalPosition: [90mundefined[39m,
    internalQuery: [90mundefined[39m,
    where: [90mundefined[39m,
    schema: [32m'public'[39m,
    table: [32m'chat_messages'[39m,
    column: [90mundefined[39m,
    dataType: [90mundefined[39m,
    constraint: [32m'FK_fc6b58e41e9a871dacbe9077def'[39m,
    file: [32m'ri_triggers.c'[39m,
    line: [32m'2783'[39m,
    routine: [32m'ri_ReportViolation'[39m
  },
  length: [33m295[39m,
  severity: [32m'ERROR'[39m,
  code: [32m'23503'[39m,
  detail: [32m'Key (senderId)=(0) tidak ada dalam table « users ».'[39m,
  hint: [90mundefined[39m,
  position: [90mundefined[39m,
  internalPosition: [90mundefined[39m,
  internalQuery: [90mundefined[39m,
  where: [90mundefined[39m,
  schema: [32m'public'[39m,
  table: [32m'chat_messages'[39m,
  column: [90mundefined[39m,
  dataType: [90mundefined[39m,
  constraint: [32m'FK_fc6b58e41e9a871dacbe9077def'[39m,
  file: [32m'ri_triggers.c'[39m,
  line: [32m'2783'[39m,
  routine: [32m'ri_ReportViolation'[39m
}
CRITICAL: Failed to save chat message: QueryFailedError: insert atau update pada table « chat_messages » menyalahin aturan foreign key « FK_fc6b58e41e9a871dacbe9077def »
    at PostgresQueryRunner.query (D:\Billiard_APPS\backend\src\driver\postgres\PostgresQueryRunner.ts:325:19)
    at processTicksAndRejections (node:internal/process/task_queues:105:5)
    at InsertQueryBuilder.execute (D:\Billiard_APPS\backend\src\query-builder\InsertQueryBuilder.ts:164:33)
    at SubjectExecutor.executeInsertOperations (D:\Billiard_APPS\backend\src\persistence\SubjectExecutor.ts:435:42)
    at SubjectExecutor.execute (D:\Billiard_APPS\backend\src\persistence\SubjectExecutor.ts:137:9)
    at EntityPersistExecutor.execute (D:\Billiard_APPS\backend\src\persistence\EntityPersistExecutor.ts:182:21)
    at ChatService.sendMessage (D:\Billiard_APPS\backend\src\chat\chat.service.ts:26:26)
    at CoachingService.coachHighOccupancyUpsell (D:\Billiard_APPS\backend\src\ai\coaching.service.ts:102:9)
    at async Promise.all (index 1)
    at CoachingService.runAutomatedCoaching (D:\Billiard_APPS\backend\src\ai\coaching.service.ts:62:5) {
  query: 'INSERT INTO "chat_messages"("senderId", "receiverId", "message", "timestamp", "isRead", "type", "readByUserId") VALUES ($1, $2, $3, DEFAULT, DEFAULT, $4, $5) RETURNING "id", "timestamp", "isRead", "type"',
  parameters: [
    0,
    3,
    '🔥 Restoran sedang ramai! Ini momen tepat untuk upselling minuman dingin atau cemilan cepat saji (Fast Bites). Ayo tingkatkan rata-rata struk!',
    'AI_COACH',
    '[0]'
  ],
  driverError: error: insert atau update pada table « chat_messages » menyalahin aturan foreign key « FK_fc6b58e41e9a871dacbe9077def »
      at D:\Billiard_APPS\backend\node_modules\pg\lib\client.js:624:17
      at processTicksAndRejections (node:internal/process/task_queues:105:5)
      at PostgresQueryRunner.query (D:\Billiard_APPS\backend\src\driver\postgres\PostgresQueryRunner.ts:254:25)
      at InsertQueryBuilder.execute (D:\Billiard_APPS\backend\src\query-builder\InsertQueryBuilder.ts:164:33)
      at SubjectExecutor.executeInsertOperations (D:\Billiard_APPS\backend\src\persistence\SubjectExecutor.ts:435:42)
      at SubjectExecutor.execute (D:\Billiard_APPS\backend\src\persistence\SubjectExecutor.ts:137:9)
      at EntityPersistExecutor.execute (D:\Billiard_APPS\backend\src\persistence\EntityPersistExecutor.ts:182:21)
      at ChatService.sendMessage (D:\Billiard_APPS\backend\src\chat\chat.service.ts:26:26)
      at CoachingService.coachHighOccupancyUpsell (D:\Billiard_APPS\backend\src\ai\coaching.service.ts:102:9)
      at async Promise.all (index 1) {
    length: 295,
    severity: 'ERROR',
    code: '23503',
    detail: 'Key (senderId)=(0) tidak ada dalam table « users ».',
    hint: undefined,
    position: undefined,
    internalPosition: undefined,
    internalQuery: undefined,
    where: undefined,
    schema: 'public',
    table: 'chat_messages',
    column: undefined,
    dataType: undefined,
    constraint: 'FK_fc6b58e41e9a871dacbe9077def',
    file: 'ri_triggers.c',
    line: '2783',
    routine: 'ri_ReportViolation'
  },
  length: 295,
  severity: 'ERROR',
  code: '23503',
  detail: 'Key (senderId)=(0) tidak ada dalam table « users ».',
  hint: undefined,
  position: undefined,
  internalPosition: undefined,
  internalQuery: undefined,
  where: undefined,
  schema: 'public',
  table: 'chat_messages',
  column: undefined,
  dataType: undefined,
  constraint: 'FK_fc6b58e41e9a871dacbe9077def',
  file: 'ri_triggers.c',
  line: '2783',
  routine: 'ri_ReportViolation'
}
[31m[Nest] 3148  - [39m18/03/2026, 16.30.00 [31m  ERROR[39m [38;5;3m[Scheduler] [39mQueryFailedError: insert atau update pada table « chat_messages » menyalahin aturan foreign key « FK_fc6b58e41e9a871dacbe9077def »
    at PostgresQueryRunner.query [90m(D:\Billiard_APPS\backend\[39msrc\driver\postgres\PostgresQueryRunner.ts:325:19[90m)[39m
[90m    at processTicksAndRejections (node:internal/process/task_queues:105:5)[39m
    at InsertQueryBuilder.execute [90m(D:\Billiard_APPS\backend\[39msrc\query-builder\InsertQueryBuilder.ts:164:33[90m)[39m
    at SubjectExecutor.executeInsertOperations [90m(D:\Billiard_APPS\backend\[39msrc\persistence\SubjectExecutor.ts:435:42[90m)[39m
    at SubjectExecutor.execute [90m(D:\Billiard_APPS\backend\[39msrc\persistence\SubjectExecutor.ts:137:9[90m)[39m
    at EntityPersistExecutor.execute [90m(D:\Billiard_APPS\backend\[39msrc\persistence\EntityPersistExecutor.ts:182:21[90m)[39m
    at ChatService.sendMessage [90m(D:\Billiard_APPS\backend\[39msrc\chat\chat.service.ts:26:26[90m)[39m
    at CoachingService.coachHighOccupancyUpsell [90m(D:\Billiard_APPS\backend\[39msrc\ai\coaching.service.ts:102:9[90m)[39m
    at async Promise.all (index 1)
    at CoachingService.runAutomatedCoaching [90m(D:\Billiard_APPS\backend\[39msrc\ai\coaching.service.ts:62:5[90m)[39m {
  query: [32m'INSERT INTO "chat_messages"("senderId", "receiverId", "message", "timestamp", "isRead", "type", "readByUserId") VALUES ($1, $2, $3, DEFAULT, DEFAULT, $4, $5) RETURNING "id", "timestamp", "isRead", "type"'[39m,
  parameters: [
    [33m0[39m,
    [33m3[39m,
    [32m'🔥 Restoran sedang ramai! Ini momen tepat untuk upselling minuman dingin atau cemilan cepat saji (Fast Bites). Ayo tingkatkan rata-rata struk!'[39m,
    [32m'AI_COACH'[39m,
    [32m'[0]'[39m
  ],
  driverError: error: insert atau update pada table « chat_messages » menyalahin aturan foreign key « FK_fc6b58e41e9a871dacbe9077def »
      at [90mD:\Billiard_APPS\backend\[39mnode_modules\[4mpg[24m\lib\client.js:624:17
  [90m    at processTicksAndRejections (node:internal/process/task_queues:105:5)[39m
      at PostgresQueryRunner.query [90m(D:\Billiard_APPS\backend\[39msrc\driver\postgres\PostgresQueryRunner.ts:254:25[90m)[39m
      at InsertQueryBuilder.execute [90m(D:\Billiard_APPS\backend\[39msrc\query-builder\InsertQueryBuilder.ts:164:33[90m)[39m
      at SubjectExecutor.executeInsertOperations [90m(D:\Billiard_APPS\backend\[39msrc\persistence\SubjectExecutor.ts:435:42[90m)[39m
      at SubjectExecutor.execute [90m(D:\Billiard_APPS\backend\[39msrc\persistence\SubjectExecutor.ts:137:9[90m)[39m
      at EntityPersistExecutor.execute [90m(D:\Billiard_APPS\backend\[39msrc\persistence\EntityPersistExecutor.ts:182:21[90m)[39m
      at ChatService.sendMessage [90m(D:\Billiard_APPS\backend\[39msrc\chat\chat.service.ts:26:26[90m)[39m
      at CoachingService.coachHighOccupancyUpsell [90m(D:\Billiard_APPS\backend\[39msrc\ai\coaching.service.ts:102:9[90m)[39m
      at async Promise.all (index 1) {
    length: [33m295[39m,
    severity: [32m'ERROR'[39m,
    code: [32m'23503'[39m,
    detail: [32m'Key (senderId)=(0) tidak ada dalam table « users ».'[39m,
    hint: [90mundefined[39m,
    position: [90mundefined[39m,
    internalPosition: [90mundefined[39m,
    internalQuery: [90mundefined[39m,
    where: [90mundefined[39m,
    schema: [32m'public'[39m,
    table: [32m'chat_messages'[39m,
    column: [90mundefined[39m,
    dataType: [90mundefined[39m,
    constraint: [32m'FK_fc6b58e41e9a871dacbe9077def'[39m,
    file: [32m'ri_triggers.c'[39m,
    line: [32m'2783'[39m,
    routine: [32m'ri_ReportViolation'[39m
  },
  length: [33m295[39m,
  severity: [32m'ERROR'[39m,
  code: [32m'23503'[39m,
  detail: [32m'Key (senderId)=(0) tidak ada dalam table « users ».'[39m,
  hint: [90mundefined[39m,
  position: [90mundefined[39m,
  internalPosition: [90mundefined[39m,
  internalQuery: [90mundefined[39m,
  where: [90mundefined[39m,
  schema: [32m'public'[39m,
  table: [32m'chat_messages'[39m,
  column: [90mundefined[39m,
  dataType: [90mundefined[39m,
  constraint: [32m'FK_fc6b58e41e9a871dacbe9077def'[39m,
  file: [32m'ri_triggers.c'[39m,
  line: [32m'2783'[39m,
  routine: [32m'ri_ReportViolation'[39m
}
CRITICAL: Failed to save chat message: QueryFailedError: insert atau update pada table « chat_messages » menyalahin aturan foreign key « FK_fc6b58e41e9a871dacbe9077def »
    at PostgresQueryRunner.query (D:\Billiard_APPS\backend\src\driver\postgres\PostgresQueryRunner.ts:325:19)
    at processTicksAndRejections (node:internal/process/task_queues:105:5)
    at InsertQueryBuilder.execute (D:\Billiard_APPS\backend\src\query-builder\InsertQueryBuilder.ts:164:33)
    at SubjectExecutor.executeInsertOperations (D:\Billiard_APPS\backend\src\persistence\SubjectExecutor.ts:435:42)
    at SubjectExecutor.execute (D:\Billiard_APPS\backend\src\persistence\SubjectExecutor.ts:137:9)
    at EntityPersistExecutor.execute (D:\Billiard_APPS\backend\src\persistence\EntityPersistExecutor.ts:182:21)
    at ChatService.sendMessage (D:\Billiard_APPS\backend\src\chat\chat.service.ts:26:26)
    at CoachingService.coachLowPerformanceWaiters (D:\Billiard_APPS\backend\src\ai\coaching.service.ts:87:9)
    at async Promise.all (index 0) {
  query: 'INSERT INTO "chat_messages"("senderId", "receiverId", "message", "timestamp", "isRead", "type", "readByUserId") VALUES ($1, $2, $3, DEFAULT, DEFAULT, $4, $5) RETURNING "id", "timestamp", "isRead", "type"',
  parameters: [
    0,
    5,
    "Halo caca, AI mendeteksi ROI-mu sedikit di bawah rata-rata hari ini. Coba tawarkan menu 'Best Seller' atau paket Billiard tambahan ke pelanggan di mejamu ya! Semangat! 💪",
    'AI_COACH',
    '[0]'
  ],
  driverError: error: insert atau update pada table « chat_messages » menyalahin aturan foreign key « FK_fc6b58e41e9a871dacbe9077def »
      at D:\Billiard_APPS\backend\node_modules\pg\lib\client.js:624:17
      at processTicksAndRejections (node:internal/process/task_queues:105:5)
      at PostgresQueryRunner.query (D:\Billiard_APPS\backend\src\driver\postgres\PostgresQueryRunner.ts:254:25)
      at InsertQueryBuilder.execute (D:\Billiard_APPS\backend\src\query-builder\InsertQueryBuilder.ts:164:33)
      at SubjectExecutor.executeInsertOperations (D:\Billiard_APPS\backend\src\persistence\SubjectExecutor.ts:435:42)
      at SubjectExecutor.execute (D:\Billiard_APPS\backend\src\persistence\SubjectExecutor.ts:137:9)
      at EntityPersistExecutor.execute (D:\Billiard_APPS\backend\src\persistence\EntityPersistExecutor.ts:182:21)
      at ChatService.sendMessage (D:\Billiard_APPS\backend\src\chat\chat.service.ts:26:26)
      at CoachingService.coachLowPerformanceWaiters (D:\Billiard_APPS\backend\src\ai\coaching.service.ts:87:9)
      at async Promise.all (index 0) {
    length: 295,
    severity: 'ERROR',
    code: '23503',
    detail: 'Key (senderId)=(0) tidak ada dalam table « users ».',
    hint: undefined,
    position: undefined,
    internalPosition: undefined,
    internalQuery: undefined,
    where: undefined,
    schema: 'public',
    table: 'chat_messages',
    column: undefined,
    dataType: undefined,
    constraint: 'FK_fc6b58e41e9a871dacbe9077def',
    file: 'ri_triggers.c',
    line: '2783',
    routine: 'ri_ReportViolation'
  },
  length: 295,
  severity: 'ERROR',
  code: '23503',
  detail: 'Key (senderId)=(0) tidak ada dalam table « users ».',
  hint: undefined,
  position: undefined,
  internalPosition: undefined,
  internalQuery: undefined,
  where: undefined,
  schema: 'public',
  table: 'chat_messages',
  column: undefined,
  dataType: undefined,
  constraint: 'FK_fc6b58e41e9a871dacbe9077def',
  file: 'ri_triggers.c',
  line: '2783',
  routine: 'ri_ReportViolation'
}
[31m[Nest] 3148  - [39m18/03/2026, 17.00.00 [31m  ERROR[39m [38;5;3m[AIService] [39m[31mFailed to save AI state: Cannot find any save handlers for URL 'file://D:\Billiard_APPS\backend\storage\ai\dqn_model'[39m
CRITICAL: Failed to save chat message: QueryFailedError: insert atau update pada table « chat_messages » menyalahin aturan foreign key « FK_fc6b58e41e9a871dacbe9077def »
    at PostgresQueryRunner.query (D:\Billiard_APPS\backend\src\driver\postgres\PostgresQueryRunner.ts:325:19)
    at processTicksAndRejections (node:internal/process/task_queues:105:5)
    at InsertQueryBuilder.execute (D:\Billiard_APPS\backend\src\query-builder\InsertQueryBuilder.ts:164:33)
    at SubjectExecutor.executeInsertOperations (D:\Billiard_APPS\backend\src\persistence\SubjectExecutor.ts:435:42)
    at SubjectExecutor.execute (D:\Billiard_APPS\backend\src\persistence\SubjectExecutor.ts:137:9)
    at EntityPersistExecutor.execute (D:\Billiard_APPS\backend\src\persistence\EntityPersistExecutor.ts:182:21)
    at ChatService.sendMessage (D:\Billiard_APPS\backend\src\chat\chat.service.ts:26:26)
    at CoachingService.coachHighOccupancyUpsell (D:\Billiard_APPS\backend\src\ai\coaching.service.ts:102:9)
    at async Promise.all (index 1)
    at CoachingService.runAutomatedCoaching (D:\Billiard_APPS\backend\src\ai\coaching.service.ts:62:5) {
  query: 'INSERT INTO "chat_messages"("senderId", "receiverId", "message", "timestamp", "isRead", "type", "readByUserId") VALUES ($1, $2, $3, DEFAULT, DEFAULT, $4, $5) RETURNING "id", "timestamp", "isRead", "type"',
  parameters: [
    0,
    5,
    '🔥 Restoran sedang ramai! Ini momen tepat untuk upselling minuman dingin atau cemilan cepat saji (Fast Bites). Ayo tingkatkan rata-rata struk!',
    'AI_COACH',
    '[0]'
  ],
  driverError: error: insert atau update pada table « chat_messages » menyalahin aturan foreign key « FK_fc6b58e41e9a871dacbe9077def »
      at D:\Billiard_APPS\backend\node_modules\pg\lib\client.js:624:17
      at processTicksAndRejections (node:internal/process/task_queues:105:5)
      at PostgresQueryRunner.query (D:\Billiard_APPS\backend\src\driver\postgres\PostgresQueryRunner.ts:254:25)
      at InsertQueryBuilder.execute (D:\Billiard_APPS\backend\src\query-builder\InsertQueryBuilder.ts:164:33)
      at SubjectExecutor.executeInsertOperations (D:\Billiard_APPS\backend\src\persistence\SubjectExecutor.ts:435:42)
      at SubjectExecutor.execute (D:\Billiard_APPS\backend\src\persistence\SubjectExecutor.ts:137:9)
      at EntityPersistExecutor.execute (D:\Billiard_APPS\backend\src\persistence\EntityPersistExecutor.ts:182:21)
      at ChatService.sendMessage (D:\Billiard_APPS\backend\src\chat\chat.service.ts:26:26)
      at CoachingService.coachHighOccupancyUpsell (D:\Billiard_APPS\backend\src\ai\coaching.service.ts:102:9)
      at async Promise.all (index 1) {
    length: 295,
    severity: 'ERROR',
    code: '23503',
    detail: 'Key (senderId)=(0) tidak ada dalam table « users ».',
    hint: undefined,
    position: undefined,
    internalPosition: undefined,
    internalQuery: undefined,
    where: undefined,
    schema: 'public',
    table: 'chat_messages',
    column: undefined,
    dataType: undefined,
    constraint: 'FK_fc6b58e41e9a871dacbe9077def',
    file: 'ri_triggers.c',
    line: '2783',
    routine: 'ri_ReportViolation'
  },
  length: 295,
  severity: 'ERROR',
  code: '23503',
  detail: 'Key (senderId)=(0) tidak ada dalam table « users ».',
  hint: undefined,
  position: undefined,
  internalPosition: undefined,
  internalQuery: undefined,
  where: undefined,
  schema: 'public',
  table: 'chat_messages',
  column: undefined,
  dataType: undefined,
  constraint: 'FK_fc6b58e41e9a871dacbe9077def',
  file: 'ri_triggers.c',
  line: '2783',
  routine: 'ri_ReportViolation'
}
[31m[Nest] 3148  - [39m18/03/2026, 17.30.00 [31m  ERROR[39m [38;5;3m[Scheduler] [39mQueryFailedError: insert atau update pada table « chat_messages » menyalahin aturan foreign key « FK_fc6b58e41e9a871dacbe9077def »
    at PostgresQueryRunner.query [90m(D:\Billiard_APPS\backend\[39msrc\driver\postgres\PostgresQueryRunner.ts:325:19[90m)[39m
[90m    at processTicksAndRejections (node:internal/process/task_queues:105:5)[39m
    at InsertQueryBuilder.execute [90m(D:\Billiard_APPS\backend\[39msrc\query-builder\InsertQueryBuilder.ts:164:33[90m)[39m
    at SubjectExecutor.executeInsertOperations [90m(D:\Billiard_APPS\backend\[39msrc\persistence\SubjectExecutor.ts:435:42[90m)[39m
    at SubjectExecutor.execute [90m(D:\Billiard_APPS\backend\[39msrc\persistence\SubjectExecutor.ts:137:9[90m)[39m
    at EntityPersistExecutor.execute [90m(D:\Billiard_APPS\backend\[39msrc\persistence\EntityPersistExecutor.ts:182:21[90m)[39m
    at ChatService.sendMessage [90m(D:\Billiard_APPS\backend\[39msrc\chat\chat.service.ts:26:26[90m)[39m
    at CoachingService.coachHighOccupancyUpsell [90m(D:\Billiard_APPS\backend\[39msrc\ai\coaching.service.ts:102:9[90m)[39m
    at async Promise.all (index 1)
    at CoachingService.runAutomatedCoaching [90m(D:\Billiard_APPS\backend\[39msrc\ai\coaching.service.ts:62:5[90m)[39m {
  query: [32m'INSERT INTO "chat_messages"("senderId", "receiverId", "message", "timestamp", "isRead", "type", "readByUserId") VALUES ($1, $2, $3, DEFAULT, DEFAULT, $4, $5) RETURNING "id", "timestamp", "isRead", "type"'[39m,
  parameters: [
    [33m0[39m,
    [33m5[39m,
    [32m'🔥 Restoran sedang ramai! Ini momen tepat untuk upselling minuman dingin atau cemilan cepat saji (Fast Bites). Ayo tingkatkan rata-rata struk!'[39m,
    [32m'AI_COACH'[39m,
    [32m'[0]'[39m
  ],
  driverError: error: insert atau update pada table « chat_messages » menyalahin aturan foreign key « FK_fc6b58e41e9a871dacbe9077def »
      at [90mD:\Billiard_APPS\backend\[39mnode_modules\[4mpg[24m\lib\client.js:624:17
  [90m    at processTicksAndRejections (node:internal/process/task_queues:105:5)[39m
      at PostgresQueryRunner.query [90m(D:\Billiard_APPS\backend\[39msrc\driver\postgres\PostgresQueryRunner.ts:254:25[90m)[39m
      at InsertQueryBuilder.execute [90m(D:\Billiard_APPS\backend\[39msrc\query-builder\InsertQueryBuilder.ts:164:33[90m)[39m
      at SubjectExecutor.executeInsertOperations [90m(D:\Billiard_APPS\backend\[39msrc\persistence\SubjectExecutor.ts:435:42[90m)[39m
      at SubjectExecutor.execute [90m(D:\Billiard_APPS\backend\[39msrc\persistence\SubjectExecutor.ts:137:9[90m)[39m
      at EntityPersistExecutor.execute [90m(D:\Billiard_APPS\backend\[39msrc\persistence\EntityPersistExecutor.ts:182:21[90m)[39m
      at ChatService.sendMessage [90m(D:\Billiard_APPS\backend\[39msrc\chat\chat.service.ts:26:26[90m)[39m
      at CoachingService.coachHighOccupancyUpsell [90m(D:\Billiard_APPS\backend\[39msrc\ai\coaching.service.ts:102:9[90m)[39m
      at async Promise.all (index 1) {
    length: [33m295[39m,
    severity: [32m'ERROR'[39m,
    code: [32m'23503'[39m,
    detail: [32m'Key (senderId)=(0) tidak ada dalam table « users ».'[39m,
    hint: [90mundefined[39m,
    position: [90mundefined[39m,
    internalPosition: [90mundefined[39m,
    internalQuery: [90mundefined[39m,
    where: [90mundefined[39m,
    schema: [32m'public'[39m,
    table: [32m'chat_messages'[39m,
    column: [90mundefined[39m,
    dataType: [90mundefined[39m,
    constraint: [32m'FK_fc6b58e41e9a871dacbe9077def'[39m,
    file: [32m'ri_triggers.c'[39m,
    line: [32m'2783'[39m,
    routine: [32m'ri_ReportViolation'[39m
  },
  length: [33m295[39m,
  severity: [32m'ERROR'[39m,
  code: [32m'23503'[39m,
  detail: [32m'Key (senderId)=(0) tidak ada dalam table « users ».'[39m,
  hint: [90mundefined[39m,
  position: [90mundefined[39m,
  internalPosition: [90mundefined[39m,
  internalQuery: [90mundefined[39m,
  where: [90mundefined[39m,
  schema: [32m'public'[39m,
  table: [32m'chat_messages'[39m,
  column: [90mundefined[39m,
  dataType: [90mundefined[39m,
  constraint: [32m'FK_fc6b58e41e9a871dacbe9077def'[39m,
  file: [32m'ri_triggers.c'[39m,
  line: [32m'2783'[39m,
  routine: [32m'ri_ReportViolation'[39m
}
Closing open session in favor of incoming prekey bundle
[31m[Nest] 3148  - [39m18/03/2026, 18.00.00 [31m  ERROR[39m [38;5;3m[AIService] [39m[31mFailed to save AI state: Cannot find any save handlers for URL 'file://D:\Billiard_APPS\backend\storage\ai\dqn_model'[39m
CRITICAL: Failed to save chat message: QueryFailedError: insert atau update pada table « chat_messages » menyalahin aturan foreign key « FK_fc6b58e41e9a871dacbe9077def »
    at PostgresQueryRunner.query (D:\Billiard_APPS\backend\src\driver\postgres\PostgresQueryRunner.ts:325:19)
    at processTicksAndRejections (node:internal/process/task_queues:105:5)
    at InsertQueryBuilder.execute (D:\Billiard_APPS\backend\src\query-builder\InsertQueryBuilder.ts:164:33)
    at SubjectExecutor.executeInsertOperations (D:\Billiard_APPS\backend\src\persistence\SubjectExecutor.ts:435:42)
    at SubjectExecutor.execute (D:\Billiard_APPS\backend\src\persistence\SubjectExecutor.ts:137:9)
    at EntityPersistExecutor.execute (D:\Billiard_APPS\backend\src\persistence\EntityPersistExecutor.ts:182:21)
    at ChatService.sendMessage (D:\Billiard_APPS\backend\src\chat\chat.service.ts:26:26)
    at CoachingService.coachHighOccupancyUpsell (D:\Billiard_APPS\backend\src\ai\coaching.service.ts:102:9)
    at async Promise.all (index 1)
    at CoachingService.runAutomatedCoaching (D:\Billiard_APPS\backend\src\ai\coaching.service.ts:62:5) {
  query: 'INSERT INTO "chat_messages"("senderId", "receiverId", "message", "timestamp", "isRead", "type", "readByUserId") VALUES ($1, $2, $3, DEFAULT, DEFAULT, $4, $5) RETURNING "id", "timestamp", "isRead", "type"',
  parameters: [
    0,
    4,
    '🔥 Restoran sedang ramai! Ini momen tepat untuk upselling minuman dingin atau cemilan cepat saji (Fast Bites). Ayo tingkatkan rata-rata struk!',
    'AI_COACH',
    '[0]'
  ],
  driverError: error: insert atau update pada table « chat_messages » menyalahin aturan foreign key « FK_fc6b58e41e9a871dacbe9077def »
      at D:\Billiard_APPS\backend\node_modules\pg\lib\client.js:624:17
      at processTicksAndRejections (node:internal/process/task_queues:105:5)
      at PostgresQueryRunner.query (D:\Billiard_APPS\backend\src\driver\postgres\PostgresQueryRunner.ts:254:25)
      at InsertQueryBuilder.execute (D:\Billiard_APPS\backend\src\query-builder\InsertQueryBuilder.ts:164:33)
      at SubjectExecutor.executeInsertOperations (D:\Billiard_APPS\backend\src\persistence\SubjectExecutor.ts:435:42)
      at SubjectExecutor.execute (D:\Billiard_APPS\backend\src\persistence\SubjectExecutor.ts:137:9)
      at EntityPersistExecutor.execute (D:\Billiard_APPS\backend\src\persistence\EntityPersistExecutor.ts:182:21)
      at ChatService.sendMessage (D:\Billiard_APPS\backend\src\chat\chat.service.ts:26:26)
      at CoachingService.coachHighOccupancyUpsell (D:\Billiard_APPS\backend\src\ai\coaching.service.ts:102:9)
      at async Promise.all (index 1) {
    length: 295,
    severity: 'ERROR',
    code: '23503',
    detail: 'Key (senderId)=(0) tidak ada dalam table « users ».',
    hint: undefined,
    position: undefined,
    internalPosition: undefined,
    internalQuery: undefined,
    where: undefined,
    schema: 'public',
    table: 'chat_messages',
    column: undefined,
    dataType: undefined,
    constraint: 'FK_fc6b58e41e9a871dacbe9077def',
    file: 'ri_triggers.c',
    line: '2783',
    routine: 'ri_ReportViolation'
  },
  length: 295,
  severity: 'ERROR',
  code: '23503',
  detail: 'Key (senderId)=(0) tidak ada dalam table « users ».',
  hint: undefined,
  position: undefined,
  internalPosition: undefined,
  internalQuery: undefined,
  where: undefined,
  schema: 'public',
  table: 'chat_messages',
  column: undefined,
  dataType: undefined,
  constraint: 'FK_fc6b58e41e9a871dacbe9077def',
  file: 'ri_triggers.c',
  line: '2783',
  routine: 'ri_ReportViolation'
}
[31m[Nest] 3148  - [39m18/03/2026, 18.00.00 [31m  ERROR[39m [38;5;3m[Scheduler] [39mQueryFailedError: insert atau update pada table « chat_messages » menyalahin aturan foreign key « FK_fc6b58e41e9a871dacbe9077def »
    at PostgresQueryRunner.query [90m(D:\Billiard_APPS\backend\[39msrc\driver\postgres\PostgresQueryRunner.ts:325:19[90m)[39m
[90m    at processTicksAndRejections (node:internal/process/task_queues:105:5)[39m
    at InsertQueryBuilder.execute [90m(D:\Billiard_APPS\backend\[39msrc\query-builder\InsertQueryBuilder.ts:164:33[90m)[39m
    at SubjectExecutor.executeInsertOperations [90m(D:\Billiard_APPS\backend\[39msrc\persistence\SubjectExecutor.ts:435:42[90m)[39m
    at SubjectExecutor.execute [90m(D:\Billiard_APPS\backend\[39msrc\persistence\SubjectExecutor.ts:137:9[90m)[39m
    at EntityPersistExecutor.execute [90m(D:\Billiard_APPS\backend\[39msrc\persistence\EntityPersistExecutor.ts:182:21[90m)[39m
    at ChatService.sendMessage [90m(D:\Billiard_APPS\backend\[39msrc\chat\chat.service.ts:26:26[90m)[39m
    at CoachingService.coachHighOccupancyUpsell [90m(D:\Billiard_APPS\backend\[39msrc\ai\coaching.service.ts:102:9[90m)[39m
    at async Promise.all (index 1)
    at CoachingService.runAutomatedCoaching [90m(D:\Billiard_APPS\backend\[39msrc\ai\coaching.service.ts:62:5[90m)[39m {
  query: [32m'INSERT INTO "chat_messages"("senderId", "receiverId", "message", "timestamp", "isRead", "type", "readByUserId") VALUES ($1, $2, $3, DEFAULT, DEFAULT, $4, $5) RETURNING "id", "timestamp", "isRead", "type"'[39m,
  parameters: [
    [33m0[39m,
    [33m4[39m,
    [32m'🔥 Restoran sedang ramai! Ini momen tepat untuk upselling minuman dingin atau cemilan cepat saji (Fast Bites). Ayo tingkatkan rata-rata struk!'[39m,
    [32m'AI_COACH'[39m,
    [32m'[0]'[39m
  ],
  driverError: error: insert atau update pada table « chat_messages » menyalahin aturan foreign key « FK_fc6b58e41e9a871dacbe9077def »
      at [90mD:\Billiard_APPS\backend\[39mnode_modules\[4mpg[24m\lib\client.js:624:17
  [90m    at processTicksAndRejections (node:internal/process/task_queues:105:5)[39m
      at PostgresQueryRunner.query [90m(D:\Billiard_APPS\backend\[39msrc\driver\postgres\PostgresQueryRunner.ts:254:25[90m)[39m
      at InsertQueryBuilder.execute [90m(D:\Billiard_APPS\backend\[39msrc\query-builder\InsertQueryBuilder.ts:164:33[90m)[39m
      at SubjectExecutor.executeInsertOperations [90m(D:\Billiard_APPS\backend\[39msrc\persistence\SubjectExecutor.ts:435:42[90m)[39m
      at SubjectExecutor.execute [90m(D:\Billiard_APPS\backend\[39msrc\persistence\SubjectExecutor.ts:137:9[90m)[39m
      at EntityPersistExecutor.execute [90m(D:\Billiard_APPS\backend\[39msrc\persistence\EntityPersistExecutor.ts:182:21[90m)[39m
      at ChatService.sendMessage [90m(D:\Billiard_APPS\backend\[39msrc\chat\chat.service.ts:26:26[90m)[39m
      at CoachingService.coachHighOccupancyUpsell [90m(D:\Billiard_APPS\backend\[39msrc\ai\coaching.service.ts:102:9[90m)[39m
      at async Promise.all (index 1) {
    length: [33m295[39m,
    severity: [32m'ERROR'[39m,
    code: [32m'23503'[39m,
    detail: [32m'Key (senderId)=(0) tidak ada dalam table « users ».'[39m,
    hint: [90mundefined[39m,
    position: [90mundefined[39m,
    internalPosition: [90mundefined[39m,
    internalQuery: [90mundefined[39m,
    where: [90mundefined[39m,
    schema: [32m'public'[39m,
    table: [32m'chat_messages'[39m,
    column: [90mundefined[39m,
    dataType: [90mundefined[39m,
    constraint: [32m'FK_fc6b58e41e9a871dacbe9077def'[39m,
    file: [32m'ri_triggers.c'[39m,
    line: [32m'2783'[39m,
    routine: [32m'ri_ReportViolation'[39m
  },
  length: [33m295[39m,
  severity: [32m'ERROR'[39m,
  code: [32m'23503'[39m,
  detail: [32m'Key (senderId)=(0) tidak ada dalam table « users ».'[39m,
  hint: [90mundefined[39m,
  position: [90mundefined[39m,
  internalPosition: [90mundefined[39m,
  internalQuery: [90mundefined[39m,
  where: [90mundefined[39m,
  schema: [32m'public'[39m,
  table: [32m'chat_messages'[39m,
  column: [90mundefined[39m,
  dataType: [90mundefined[39m,
  constraint: [32m'FK_fc6b58e41e9a871dacbe9077def'[39m,
  file: [32m'ri_triggers.c'[39m,
  line: [32m'2783'[39m,
  routine: [32m'ri_ReportViolation'[39m
}

============================
Hi, looks like you are running TensorFlow.js in Node.js. To speed things up dramatically, install our node backend, visit https://github.com/tensorflow/tfjs-node for more details. 
============================

============================
Hi, looks like you are running TensorFlow.js in Node.js. To speed things up dramatically, install our node backend, visit https://github.com/tensorflow/tfjs-node for more details. 
============================

============================
Hi, looks like you are running TensorFlow.js in Node.js. To speed things up dramatically, install our node backend, visit https://github.com/tensorflow/tfjs-node for more details. 
============================
[31m[Nest] 596528  - [39m20/03/2026, 02.00.00 [31m  ERROR[39m [38;5;3m[AIService] [39m[31mFailed to save AI state: Cannot find any save handlers for URL 'file://D:\Billiard_APPS\backend\storage\ai\dqn_model'[39m
[31m[Nest] 596528  - [39m20/03/2026, 03.00.00 [31m  ERROR[39m [38;5;3m[AIService] [39m[31mFailed to save AI state: Cannot find any save handlers for URL 'file://D:\Billiard_APPS\backend\storage\ai\dqn_model'[39m
[31m[Nest] 596528  - [39m20/03/2026, 03.00.00 [31m  ERROR[39m [38;5;3m[MaintenanceService] [39m[31mError archiving transactions:[39m
[31m[Nest] 596528  - [39m20/03/2026, 03.00.00 [31m  ERROR[39m [38;5;3m[MaintenanceService] [39mQueryFailedError: kolom « isPointsAwarded » bertipe boolean tapi ekspresi bertipe timestamp without time zone
    at PostgresQueryRunner.query [90m(D:\Billiard_APPS\backend\[39msrc\driver\postgres\PostgresQueryRunner.ts:325:19[90m)[39m
[90m    at processTicksAndRejections (node:internal/process/task_queues:105:5)[39m
    at MaintenanceService.archiveOldTransactions [90m(D:\Billiard_APPS\backend\[39msrc\maintenance\maintenance.service.ts:205:7[90m)[39m
    at MaintenanceService.runNightlyMaintenance [90m(D:\Billiard_APPS\backend\[39msrc\maintenance\maintenance.service.ts:85:36[90m)[39m
    at MaintenanceService.checkAndRunMaintenance [90m(D:\Billiard_APPS\backend\[39msrc\maintenance\maintenance.service.ts:63:9[90m)[39m
    at CronJob.<anonymous> [90m(D:\Billiard_APPS\backend\[39mnode_modules\[4m@nestjs[24m\schedule\dist\schedule.explorer.js:119:17[90m)[39m {
  query: [32m`\n                INSERT INTO transactions_archive\n                SELECT * FROM transactions\n                WHERE status IN ('PAID', 'CANCELLED')\n                  AND "createdAt" < $1\n                ON CONFLICT DO NOTHING\n            `[39m,
  parameters: [
    [35m2025-12-19T20:00:00.246Z[39m
  ],
  driverError: error: kolom « isPointsAwarded » bertipe boolean tapi ekspresi bertipe timestamp without time zone
      at [90mD:\Billiard_APPS\backend\[39mnode_modules\[4mpg[24m\lib\client.js:624:17
  [90m    at processTicksAndRejections (node:internal/process/task_queues:105:5)[39m
      at PostgresQueryRunner.query [90m(D:\Billiard_APPS\backend\[39msrc\driver\postgres\PostgresQueryRunner.ts:254:25[90m)[39m
      at MaintenanceService.archiveOldTransactions [90m(D:\Billiard_APPS\backend\[39msrc\maintenance\maintenance.service.ts:205:7[90m)[39m
      at MaintenanceService.runNightlyMaintenance [90m(D:\Billiard_APPS\backend\[39msrc\maintenance\maintenance.service.ts:85:36[90m)[39m
      at MaintenanceService.checkAndRunMaintenance [90m(D:\Billiard_APPS\backend\[39msrc\maintenance\maintenance.service.ts:63:9[90m)[39m
      at CronJob.<anonymous> [90m(D:\Billiard_APPS\backend\[39mnode_modules\[4m@nestjs[24m\schedule\dist\schedule.explorer.js:119:17[90m)[39m {
    length: [33m226[39m,
    severity: [32m'ERROR'[39m,
    code: [32m'42804'[39m,
    detail: [90mundefined[39m,
    hint: [32m'Anda akan memerlukan me-rewrite atau mengganti ekpresi.'[39m,
    position: [32m'74'[39m,
    internalPosition: [90mundefined[39m,
    internalQuery: [90mundefined[39m,
    where: [90mundefined[39m,
    schema: [90mundefined[39m,
    table: [90mundefined[39m,
    column: [90mundefined[39m,
    dataType: [90mundefined[39m,
    constraint: [90mundefined[39m,
    file: [32m'parse_target.c'[39m,
    line: [32m'596'[39m,
    routine: [32m'transformAssignedExpr'[39m
  },
  length: [33m226[39m,
  severity: [32m'ERROR'[39m,
  code: [32m'42804'[39m,
  detail: [90mundefined[39m,
  hint: [32m'Anda akan memerlukan me-rewrite atau mengganti ekpresi.'[39m,
  position: [32m'74'[39m,
  internalPosition: [90mundefined[39m,
  internalQuery: [90mundefined[39m,
  where: [90mundefined[39m,
  schema: [90mundefined[39m,
  table: [90mundefined[39m,
  column: [90mundefined[39m,
  dataType: [90mundefined[39m,
  constraint: [90mundefined[39m,
  file: [32m'parse_target.c'[39m,
  line: [32m'596'[39m,
  routine: [32m'transformAssignedExpr'[39m
}
[31m[Nest] 596528  - [39m20/03/2026, 03.00.00 [31m  ERROR[39m [38;5;3m[MaintenanceService] [39m[31mMaintenance error:[39m
[31m[Nest] 596528  - [39m20/03/2026, 03.00.00 [31m  ERROR[39m [38;5;3m[MaintenanceService] [39mTypeORMError: Empty criteria(s) are not allowed for the delete method.
    at EntityManager.delete [90m(D:\Billiard_APPS\backend\[39msrc\entity-manager\EntityManager.ts:849:17[90m)[39m
    at Repository.delete [90m(D:\Billiard_APPS\backend\[39msrc\repository\Repository.ts:420:35[90m)[39m
    at MaintenanceService.purgeChatMessages [90m(D:\Billiard_APPS\backend\[39msrc\maintenance\maintenance.service.ts:138:46[90m)[39m
    at MaintenanceService.runNightlyMaintenance [90m(D:\Billiard_APPS\backend\[39msrc\maintenance\maintenance.service.ts:87:46[90m)[39m
[90m    at processTicksAndRejections (node:internal/process/task_queues:105:5)[39m
    at MaintenanceService.checkAndRunMaintenance [90m(D:\Billiard_APPS\backend\[39msrc\maintenance\maintenance.service.ts:63:9[90m)[39m
    at CronJob.<anonymous> [90m(D:\Billiard_APPS\backend\[39mnode_modules\[4m@nestjs[24m\schedule\dist\schedule.explorer.js:119:17[90m)[39m
[31m[Nest] 596528  - [39m20/03/2026, 04.00.00 [31m  ERROR[39m [38;5;3m[AIService] [39m[31mFailed to save AI state: Cannot find any save handlers for URL 'file://D:\Billiard_APPS\backend\storage\ai\dqn_model'[39m
[31m[Nest] 596528  - [39m20/03/2026, 05.00.00 [31m  ERROR[39m [38;5;3m[AIService] [39m[31mFailed to save AI state: Cannot find any save handlers for URL 'file://D:\Billiard_APPS\backend\storage\ai\dqn_model'[39m
[31m[Nest] 596528  - [39m20/03/2026, 06.00.00 [31m  ERROR[39m [38;5;3m[AIService] [39m[31mFailed to save AI state: Cannot find any save handlers for URL 'file://D:\Billiard_APPS\backend\storage\ai\dqn_model'[39m
[31m[Nest] 596528  - [39m20/03/2026, 07.00.00 [31m  ERROR[39m [38;5;3m[AIService] [39m[31mFailed to save AI state: Cannot find any save handlers for URL 'file://D:\Billiard_APPS\backend\storage\ai\dqn_model'[39m
[31m[Nest] 596528  - [39m20/03/2026, 07.00.00 [31m  ERROR[39m [38;5;3m[AIService] [39m[31mLSTM Prediction failed, using dynamic metrics fallback[39m
[31m[Nest] 596528  - [39m20/03/2026, 07.00.00 [31m  ERROR[39m [38;5;3m[AIService] [39mError: Insufficient window sequences
    at AIService.runLSTMPrediction [90m(D:\Billiard_APPS\backend\[39msrc\ai\ai.service.ts:907:35[90m)[39m
    at AIService.predictDailyTraffic [90m(D:\Billiard_APPS\backend\[39msrc\ai\ai.service.ts:829:37[90m)[39m
[90m    at processTicksAndRejections (node:internal/process/task_queues:105:5)[39m
    at AIService.generateDailyStrategyBrief [90m(D:\Billiard_APPS\backend\[39msrc\ai\ai.service.ts:1001:26[90m)[39m
    at CronJob.<anonymous> [90m(D:\Billiard_APPS\backend\[39mnode_modules\[4m@nestjs[24m\schedule\dist\schedule.explorer.js:119:17[90m)[39m
[31m[Nest] 596528  - [39m20/03/2026, 08.00.00 [31m  ERROR[39m [38;5;3m[AIService] [39m[31mFailed to save AI state: Cannot find any save handlers for URL 'file://D:\Billiard_APPS\backend\storage\ai\dqn_model'[39m
[31m[Nest] 596528  - [39m20/03/2026, 09.00.00 [31m  ERROR[39m [38;5;3m[AIService] [39m[31mFailed to save AI state: Cannot find any save handlers for URL 'file://D:\Billiard_APPS\backend\storage\ai\dqn_model'[39m
[31m[Nest] 596528  - [39m20/03/2026, 10.00.00 [31m  ERROR[39m [38;5;3m[AIService] [39m[31mFailed to save AI state: Cannot find any save handlers for URL 'file://D:\Billiard_APPS\backend\storage\ai\dqn_model'[39m
[31m[Nest] 596528  - [39m20/03/2026, 11.00.00 [31m  ERROR[39m [38;5;3m[AIService] [39m[31mFailed to save AI state: Cannot find any save handlers for URL 'file://D:\Billiard_APPS\backend\storage\ai\dqn_model'[39m
[31m[Nest] 596528  - [39m20/03/2026, 12.00.00 [31m  ERROR[39m [38;5;3m[AIService] [39m[31mFailed to save AI state: Cannot find any save handlers for URL 'file://D:\Billiard_APPS\backend\storage\ai\dqn_model'[39m
[31m[Nest] 596528  - [39m20/03/2026, 13.00.00 [31m  ERROR[39m [38;5;3m[AIService] [39m[31mFailed to save AI state: Cannot find any save handlers for URL 'file://D:\Billiard_APPS\backend\storage\ai\dqn_model'[39m
[31m[Nest] 596528  - [39m20/03/2026, 14.00.02 [31m  ERROR[39m [38;5;3m[AIService] [39m[31mFailed to save AI state: Cannot find any save handlers for URL 'file://D:\Billiard_APPS\backend\storage\ai\dqn_model'[39m
[31m[Nest] 596528  - [39m20/03/2026, 15.00.00 [31m  ERROR[39m [38;5;3m[AIService] [39m[31mFailed to save AI state: Cannot find any save handlers for URL 'file://D:\Billiard_APPS\backend\storage\ai\dqn_model'[39m
[31m[Nest] 596528  - [39m20/03/2026, 15.24.33 [31m  ERROR[39m [38;5;3m[AIService] [39m[31mLSTM Prediction failed, using dynamic metrics fallback[39m
[31m[Nest] 596528  - [39m20/03/2026, 15.24.33 [31m  ERROR[39m [38;5;3m[AIService] [39mError: Insufficient window sequences
    at AIService.runLSTMPrediction [90m(D:\Billiard_APPS\backend\[39msrc\ai\ai.service.ts:907:35[90m)[39m
    at AIService.predictDailyTraffic [90m(D:\Billiard_APPS\backend\[39msrc\ai\ai.service.ts:829:37[90m)[39m
[90m    at processTicksAndRejections (node:internal/process/task_queues:105:5)[39m
    at [90mD:\Billiard_APPS\backend\[39mnode_modules\[4m@nestjs[24m\core\router\router-execution-context.js:46:28
    at [90mD:\Billiard_APPS\backend\[39mnode_modules\[4m@nestjs[24m\core\router\router-proxy.js:9:17
[31m[Nest] 596528  - [39m20/03/2026, 16.00.00 [31m  ERROR[39m [38;5;3m[AIService] [39m[31mFailed to save AI state: Cannot find any save handlers for URL 'file://D:\Billiard_APPS\backend\storage\ai\dqn_model'[39m
[31m[Nest] 596528  - [39m20/03/2026, 17.00.00 [31m  ERROR[39m [38;5;3m[AIService] [39m[31mFailed to save AI state: Cannot find any save handlers for URL 'file://D:\Billiard_APPS\backend\storage\ai\dqn_model'[39m
[31m[Nest] 596528  - [39m20/03/2026, 18.00.00 [31m  ERROR[39m [38;5;3m[AIService] [39m[31mFailed to save AI state: Cannot find any save handlers for URL 'file://D:\Billiard_APPS\backend\storage\ai\dqn_model'[39m
[31m[Nest] 596528  - [39m20/03/2026, 19.00.00 [31m  ERROR[39m [38;5;3m[AIService] [39m[31mFailed to save AI state: Cannot find any save handlers for URL 'file://D:\Billiard_APPS\backend\storage\ai\dqn_model'[39m
[31m[Nest] 596528  - [39m20/03/2026, 20.00.00 [31m  ERROR[39m [38;5;3m[AIService] [39m[31mFailed to save AI state: Cannot find any save handlers for URL 'file://D:\Billiard_APPS\backend\storage\ai\dqn_model'[39m
[31m[Nest] 596528  - [39m20/03/2026, 21.00.00 [31m  ERROR[39m [38;5;3m[AIService] [39m[31mFailed to save AI state: Cannot find any save handlers for URL 'file://D:\Billiard_APPS\backend\storage\ai\dqn_model'[39m
[31m[Nest] 596528  - [39m20/03/2026, 22.00.00 [31m  ERROR[39m [38;5;3m[AIService] [39m[31mFailed to save AI state: Cannot find any save handlers for URL 'file://D:\Billiard_APPS\backend\storage\ai\dqn_model'[39m
[31m[Nest] 596528  - [39m20/03/2026, 23.00.00 [31m  ERROR[39m [38;5;3m[AIService] [39m[31mFailed to save AI state: Cannot find any save handlers for URL 'file://D:\Billiard_APPS\backend\storage\ai\dqn_model'[39m
[31m[Nest] 596528  - [39m21/03/2026, 00.00.00 [31m  ERROR[39m [38;5;3m[AIService] [39m[31mFailed to save AI state: Cannot find any save handlers for URL 'file://D:\Billiard_APPS\backend\storage\ai\dqn_model'[39m
[31m[Nest] 596528  - [39m21/03/2026, 01.00.00 [31m  ERROR[39m [38;5;3m[AIService] [39m[31mFailed to save AI state: Cannot find any save handlers for URL 'file://D:\Billiard_APPS\backend\storage\ai\dqn_model'[39m
[31m[Nest] 596528  - [39m21/03/2026, 02.00.00 [31m  ERROR[39m [38;5;3m[AIService] [39m[31mFailed to save AI state: Cannot find any save handlers for URL 'file://D:\Billiard_APPS\backend\storage\ai\dqn_model'[39m
[31m[Nest] 596528  - [39m21/03/2026, 03.00.00 [31m  ERROR[39m [38;5;3m[AIService] [39m[31mFailed to save AI state: Cannot find any save handlers for URL 'file://D:\Billiard_APPS\backend\storage\ai\dqn_model'[39m
[31m[Nest] 596528  - [39m21/03/2026, 03.00.00 [31m  ERROR[39m [38;5;3m[MaintenanceService] [39m[31mError archiving transactions:[39m
[31m[Nest] 596528  - [39m21/03/2026, 03.00.00 [31m  ERROR[39m [38;5;3m[MaintenanceService] [39mQueryFailedError: kolom « isPointsAwarded » bertipe boolean tapi ekspresi bertipe timestamp without time zone
    at PostgresQueryRunner.query [90m(D:\Billiard_APPS\backend\[39msrc\driver\postgres\PostgresQueryRunner.ts:325:19[90m)[39m
[90m    at processTicksAndRejections (node:internal/process/task_queues:105:5)[39m
    at MaintenanceService.archiveOldTransactions [90m(D:\Billiard_APPS\backend\[39msrc\maintenance\maintenance.service.ts:205:7[90m)[39m
    at MaintenanceService.runNightlyMaintenance [90m(D:\Billiard_APPS\backend\[39msrc\maintenance\maintenance.service.ts:85:36[90m)[39m
    at MaintenanceService.checkAndRunMaintenance [90m(D:\Billiard_APPS\backend\[39msrc\maintenance\maintenance.service.ts:63:9[90m)[39m
    at CronJob.<anonymous> [90m(D:\Billiard_APPS\backend\[39mnode_modules\[4m@nestjs[24m\schedule\dist\schedule.explorer.js:119:17[90m)[39m {
  query: [32m`\n                INSERT INTO transactions_archive\n                SELECT * FROM transactions\n                WHERE status IN ('PAID', 'CANCELLED')\n                  AND "createdAt" < $1\n                ON CONFLICT DO NOTHING\n            `[39m,
  parameters: [
    [35m2025-12-20T20:00:00.201Z[39m
  ],
  driverError: error: kolom « isPointsAwarded » bertipe boolean tapi ekspresi bertipe timestamp without time zone
      at [90mD:\Billiard_APPS\backend\[39mnode_modules\[4mpg[24m\lib\client.js:624:17
  [90m    at processTicksAndRejections (node:internal/process/task_queues:105:5)[39m
      at PostgresQueryRunner.query [90m(D:\Billiard_APPS\backend\[39msrc\driver\postgres\PostgresQueryRunner.ts:254:25[90m)[39m
      at MaintenanceService.archiveOldTransactions [90m(D:\Billiard_APPS\backend\[39msrc\maintenance\maintenance.service.ts:205:7[90m)[39m
      at MaintenanceService.runNightlyMaintenance [90m(D:\Billiard_APPS\backend\[39msrc\maintenance\maintenance.service.ts:85:36[90m)[39m
      at MaintenanceService.checkAndRunMaintenance [90m(D:\Billiard_APPS\backend\[39msrc\maintenance\maintenance.service.ts:63:9[90m)[39m
      at CronJob.<anonymous> [90m(D:\Billiard_APPS\backend\[39mnode_modules\[4m@nestjs[24m\schedule\dist\schedule.explorer.js:119:17[90m)[39m {
    length: [33m226[39m,
    severity: [32m'ERROR'[39m,
    code: [32m'42804'[39m,
    detail: [90mundefined[39m,
    hint: [32m'Anda akan memerlukan me-rewrite atau mengganti ekpresi.'[39m,
    position: [32m'74'[39m,
    internalPosition: [90mundefined[39m,
    internalQuery: [90mundefined[39m,
    where: [90mundefined[39m,
    schema: [90mundefined[39m,
    table: [90mundefined[39m,
    column: [90mundefined[39m,
    dataType: [90mundefined[39m,
    constraint: [90mundefined[39m,
    file: [32m'parse_target.c'[39m,
    line: [32m'596'[39m,
    routine: [32m'transformAssignedExpr'[39m
  },
  length: [33m226[39m,
  severity: [32m'ERROR'[39m,
  code: [32m'42804'[39m,
  detail: [90mundefined[39m,
  hint: [32m'Anda akan memerlukan me-rewrite atau mengganti ekpresi.'[39m,
  position: [32m'74'[39m,
  internalPosition: [90mundefined[39m,
  internalQuery: [90mundefined[39m,
  where: [90mundefined[39m,
  schema: [90mundefined[39m,
  table: [90mundefined[39m,
  column: [90mundefined[39m,
  dataType: [90mundefined[39m,
  constraint: [90mundefined[39m,
  file: [32m'parse_target.c'[39m,
  line: [32m'596'[39m,
  routine: [32m'transformAssignedExpr'[39m
}
[31m[Nest] 596528  - [39m21/03/2026, 03.00.00 [31m  ERROR[39m [38;5;3m[MaintenanceService] [39m[31mMaintenance error:[39m
[31m[Nest] 596528  - [39m21/03/2026, 03.00.00 [31m  ERROR[39m [38;5;3m[MaintenanceService] [39mTypeORMError: Empty criteria(s) are not allowed for the delete method.
    at EntityManager.delete [90m(D:\Billiard_APPS\backend\[39msrc\entity-manager\EntityManager.ts:849:17[90m)[39m
    at Repository.delete [90m(D:\Billiard_APPS\backend\[39msrc\repository\Repository.ts:420:35[90m)[39m
    at MaintenanceService.purgeChatMessages [90m(D:\Billiard_APPS\backend\[39msrc\maintenance\maintenance.service.ts:138:46[90m)[39m
    at MaintenanceService.runNightlyMaintenance [90m(D:\Billiard_APPS\backend\[39msrc\maintenance\maintenance.service.ts:87:46[90m)[39m
[90m    at processTicksAndRejections (node:internal/process/task_queues:105:5)[39m
    at MaintenanceService.checkAndRunMaintenance [90m(D:\Billiard_APPS\backend\[39msrc\maintenance\maintenance.service.ts:63:9[90m)[39m
    at CronJob.<anonymous> [90m(D:\Billiard_APPS\backend\[39mnode_modules\[4m@nestjs[24m\schedule\dist\schedule.explorer.js:119:17[90m)[39m

============================
Hi, looks like you are running TensorFlow.js in Node.js. To speed things up dramatically, install our node backend, visit https://github.com/tensorflow/tfjs-node for more details. 
============================

============================
Hi, looks like you are running TensorFlow.js in Node.js. To speed things up dramatically, install our node backend, visit https://github.com/tensorflow/tfjs-node for more details. 
============================
[31m[Nest] 1165392  - [39m21/03/2026, 15.00.00 [31m  ERROR[39m [38;5;3m[AIService] [39m[31mFailed to save AI state: Cannot find any save handlers for URL 'file://D:\Billiard_APPS\backend\storage\ai\dqn_model'[39m

============================
Hi, looks like you are running TensorFlow.js in Node.js. To speed things up dramatically, install our node backend, visit https://github.com/tensorflow/tfjs-node for more details. 
============================

============================
Hi, looks like you are running TensorFlow.js in Node.js. To speed things up dramatically, install our node backend, visit https://github.com/tensorflow/tfjs-node for more details. 
============================
[31m[Nest] 1337928  - [39m22/03/2026, 03.39.28 [31m  ERROR[39m [38;5;3m[AIService] [39m[31mLSTM Prediction failed, using dynamic metrics fallback[39m
[31m[Nest] 1337928  - [39m22/03/2026, 03.39.28 [31m  ERROR[39m [38;5;3m[AIService] [39mError: Insufficient window sequences
    at AIService.runLSTMPrediction [90m(D:\Billiard_APPS\backend\[39msrc\ai\ai.service.ts:907:35[90m)[39m
    at AIService.predictDailyTraffic [90m(D:\Billiard_APPS\backend\[39msrc\ai\ai.service.ts:829:37[90m)[39m
[90m    at processTicksAndRejections (node:internal/process/task_queues:105:5)[39m
    at ReportService.getDetailedRevenueReport [90m(D:\Billiard_APPS\backend\[39msrc\report\report.service.ts:716:24[90m)[39m
    at ReportService.getDailySummary [90m(D:\Billiard_APPS\backend\[39msrc\report\report.service.ts:112:22[90m)[39m
    at [90mD:\Billiard_APPS\backend\[39mnode_modules\[4m@nestjs[24m\core\router\router-execution-context.js:46:28
    at [90mD:\Billiard_APPS\backend\[39mnode_modules\[4m@nestjs[24m\core\router\router-proxy.js:9:17
[31m[Nest] 1337928  - [39m22/03/2026, 03.39.28 [31m  ERROR[39m [38;5;3m[AIService] [39m[31mLSTM Prediction failed, using dynamic metrics fallback[39m
[31m[Nest] 1337928  - [39m22/03/2026, 03.39.28 [31m  ERROR[39m [38;5;3m[AIService] [39mError: Insufficient window sequences
    at AIService.runLSTMPrediction [90m(D:\Billiard_APPS\backend\[39msrc\ai\ai.service.ts:907:35[90m)[39m
    at AIService.predictDailyTraffic [90m(D:\Billiard_APPS\backend\[39msrc\ai\ai.service.ts:829:37[90m)[39m
[90m    at processTicksAndRejections (node:internal/process/task_queues:105:5)[39m
    at ReportService.getDetailedRevenueReport [90m(D:\Billiard_APPS\backend\[39msrc\report\report.service.ts:716:24[90m)[39m
    at [90mD:\Billiard_APPS\backend\[39mnode_modules\[4m@nestjs[24m\core\router\router-execution-context.js:46:28
    at [90mD:\Billiard_APPS\backend\[39mnode_modules\[4m@nestjs[24m\core\router\router-proxy.js:9:17
[31m[Nest] 1337928  - [39m22/03/2026, 03.39.29 [31m  ERROR[39m [38;5;3m[AIService] [39m[31mLSTM Prediction failed, using dynamic metrics fallback[39m
[31m[Nest] 1337928  - [39m22/03/2026, 03.39.29 [31m  ERROR[39m [38;5;3m[AIService] [39mError: Insufficient window sequences
    at AIService.runLSTMPrediction [90m(D:\Billiard_APPS\backend\[39msrc\ai\ai.service.ts:907:35[90m)[39m
    at AIService.predictDailyTraffic [90m(D:\Billiard_APPS\backend\[39msrc\ai\ai.service.ts:829:37[90m)[39m
[90m    at processTicksAndRejections (node:internal/process/task_queues:105:5)[39m
    at AIService.suggestDailyTarget [90m(D:\Billiard_APPS\backend\[39msrc\ai\ai.service.ts:493:24[90m)[39m
    at [90mD:\Billiard_APPS\backend\[39mnode_modules\[4m@nestjs[24m\core\router\router-execution-context.js:46:28
    at [90mD:\Billiard_APPS\backend\[39mnode_modules\[4m@nestjs[24m\core\router\router-proxy.js:9:17
[31m[Nest] 1337928  - [39m22/03/2026, 03.39.29 [31m  ERROR[39m [38;5;3m[AIService] [39m[31mLSTM Prediction failed, using dynamic metrics fallback[39m
[31m[Nest] 1337928  - [39m22/03/2026, 03.39.29 [31m  ERROR[39m [38;5;3m[AIService] [39mError: Insufficient window sequences
    at AIService.runLSTMPrediction [90m(D:\Billiard_APPS\backend\[39msrc\ai\ai.service.ts:907:35[90m)[39m
    at AIService.predictDailyTraffic [90m(D:\Billiard_APPS\backend\[39msrc\ai\ai.service.ts:829:37[90m)[39m
[90m    at processTicksAndRejections (node:internal/process/task_queues:105:5)[39m
    at [90mD:\Billiard_APPS\backend\[39mnode_modules\[4m@nestjs[24m\core\router\router-execution-context.js:46:28
    at [90mD:\Billiard_APPS\backend\[39mnode_modules\[4m@nestjs[24m\core\router\router-proxy.js:9:17
[31m[Nest] 1337928  - [39m22/03/2026, 03.39.31 [31m  ERROR[39m [38;5;3m[AIService] [39m[31mLSTM Prediction failed, using dynamic metrics fallback[39m
[31m[Nest] 1337928  - [39m22/03/2026, 03.39.31 [31m  ERROR[39m [38;5;3m[AIService] [39mError: Insufficient window sequences
    at AIService.runLSTMPrediction [90m(D:\Billiard_APPS\backend\[39msrc\ai\ai.service.ts:907:35[90m)[39m
    at AIService.predictDailyTraffic [90m(D:\Billiard_APPS\backend\[39msrc\ai\ai.service.ts:829:37[90m)[39m
[90m    at processTicksAndRejections (node:internal/process/task_queues:105:5)[39m
    at [90mD:\Billiard_APPS\backend\[39mnode_modules\[4m@nestjs[24m\core\router\router-execution-context.js:46:28
    at [90mD:\Billiard_APPS\backend\[39mnode_modules\[4m@nestjs[24m\core\router\router-proxy.js:9:17
[31m[Nest] 1337928  - [39m22/03/2026, 03.39.31 [31m  ERROR[39m [38;5;3m[AIService] [39m[31mLSTM Prediction failed, using dynamic metrics fallback[39m
[31m[Nest] 1337928  - [39m22/03/2026, 03.39.31 [31m  ERROR[39m [38;5;3m[AIService] [39mError: Insufficient window sequences
    at AIService.runLSTMPrediction [90m(D:\Billiard_APPS\backend\[39msrc\ai\ai.service.ts:907:35[90m)[39m
    at AIService.predictDailyTraffic [90m(D:\Billiard_APPS\backend\[39msrc\ai\ai.service.ts:829:37[90m)[39m
[90m    at processTicksAndRejections (node:internal/process/task_queues:105:5)[39m
    at AIService.suggestDailyTarget [90m(D:\Billiard_APPS\backend\[39msrc\ai\ai.service.ts:493:24[90m)[39m
    at [90mD:\Billiard_APPS\backend\[39mnode_modules\[4m@nestjs[24m\core\router\router-execution-context.js:46:28
    at [90mD:\Billiard_APPS\backend\[39mnode_modules\[4m@nestjs[24m\core\router\router-proxy.js:9:17
[31m[Nest] 1337928  - [39m22/03/2026, 03.39.32 [31m  ERROR[39m [38;5;3m[AIService] [39m[31mLSTM Prediction failed, using dynamic metrics fallback[39m
[31m[Nest] 1337928  - [39m22/03/2026, 03.39.32 [31m  ERROR[39m [38;5;3m[AIService] [39mError: Insufficient window sequences
    at AIService.runLSTMPrediction [90m(D:\Billiard_APPS\backend\[39msrc\ai\ai.service.ts:907:35[90m)[39m
    at AIService.predictDailyTraffic [90m(D:\Billiard_APPS\backend\[39msrc\ai\ai.service.ts:829:37[90m)[39m
[90m    at processTicksAndRejections (node:internal/process/task_queues:105:5)[39m
    at ReportService.getDetailedRevenueReport [90m(D:\Billiard_APPS\backend\[39msrc\report\report.service.ts:716:24[90m)[39m
    at ReportService.getDailySummary [90m(D:\Billiard_APPS\backend\[39msrc\report\report.service.ts:112:22[90m)[39m
    at [90mD:\Billiard_APPS\backend\[39mnode_modules\[4m@nestjs[24m\core\router\router-execution-context.js:46:28
    at [90mD:\Billiard_APPS\backend\[39mnode_modules\[4m@nestjs[24m\core\router\router-proxy.js:9:17
[31m[Nest] 1337928  - [39m22/03/2026, 03.39.32 [31m  ERROR[39m [38;5;3m[AIService] [39m[31mLSTM Prediction failed, using dynamic metrics fallback[39m
[31m[Nest] 1337928  - [39m22/03/2026, 03.39.32 [31m  ERROR[39m [38;5;3m[AIService] [39mError: Insufficient window sequences
    at AIService.runLSTMPrediction [90m(D:\Billiard_APPS\backend\[39msrc\ai\ai.service.ts:907:35[90m)[39m
    at AIService.predictDailyTraffic [90m(D:\Billiard_APPS\backend\[39msrc\ai\ai.service.ts:829:37[90m)[39m
[90m    at processTicksAndRejections (node:internal/process/task_queues:105:5)[39m
    at ReportService.getDetailedRevenueReport [90m(D:\Billiard_APPS\backend\[39msrc\report\report.service.ts:716:24[90m)[39m
    at [90mD:\Billiard_APPS\backend\[39mnode_modules\[4m@nestjs[24m\core\router\router-execution-context.js:46:28
    at [90mD:\Billiard_APPS\backend\[39mnode_modules\[4m@nestjs[24m\core\router\router-proxy.js:9:17
[31m[Nest] 1337928  - [39m22/03/2026, 03.39.53 [31m  ERROR[39m [38;5;3m[AIService] [39m[31mLSTM Prediction failed, using dynamic metrics fallback[39m
[31m[Nest] 1337928  - [39m22/03/2026, 03.39.53 [31m  ERROR[39m [38;5;3m[AIService] [39mError: Insufficient window sequences
    at AIService.runLSTMPrediction [90m(D:\Billiard_APPS\backend\[39msrc\ai\ai.service.ts:907:35[90m)[39m
    at AIService.predictDailyTraffic [90m(D:\Billiard_APPS\backend\[39msrc\ai\ai.service.ts:829:37[90m)[39m
[90m    at processTicksAndRejections (node:internal/process/task_queues:105:5)[39m
    at [90mD:\Billiard_APPS\backend\[39mnode_modules\[4m@nestjs[24m\core\router\router-execution-context.js:46:28
    at [90mD:\Billiard_APPS\backend\[39mnode_modules\[4m@nestjs[24m\core\router\router-proxy.js:9:17
!!! EXCEPTION CAUGHT !!! [GET] /cafe/tables
Status: 404, Message: Cannot GET /cafe/tables
NotFoundException: Cannot GET /cafe/tables
    at callback (D:\Billiard_APPS\backend\node_modules\@nestjs\core\router\routes-resolver.js:77:19)
    at D:\Billiard_APPS\backend\node_modules\@nestjs\core\router\router-proxy.js:9:23
    at Layer.handleRequest (D:\Billiard_APPS\backend\node_modules\router\lib\layer.js:152:17)
    at trimPrefix (D:\Billiard_APPS\backend\node_modules\router\index.js:342:13)
    at D:\Billiard_APPS\backend\node_modules\router\index.js:297:9
    at processParams (D:\Billiard_APPS\backend\node_modules\router\index.js:582:12)
    at next (D:\Billiard_APPS\backend\node_modules\router\index.js:291:5)
    at read (D:\Billiard_APPS\backend\node_modules\body-parser\lib\read.js:53:5)
    at urlencodedParser (D:\Billiard_APPS\backend\node_modules\body-parser\lib\types\urlencoded.js:57:5)
    at Layer.handleRequest (D:\Billiard_APPS\backend\node_modules\router\lib\layer.js:152:17)
[31m[Nest] 1337928  - [39m22/03/2026, 03.40.09 [31m  ERROR[39m [38;5;3m[AllExceptionsFilter] [39m[31m[GET] /cafe/tables - Status: 404 - Error: Cannot GET /cafe/tables[39m
NotFoundException: Cannot GET /cafe/tables
    at callback (D:\Billiard_APPS\backend\node_modules\@nestjs\core\router\routes-resolver.js:77:19)
    at D:\Billiard_APPS\backend\node_modules\@nestjs\core\router\router-proxy.js:9:23
    at Layer.handleRequest (D:\Billiard_APPS\backend\node_modules\router\lib\layer.js:152:17)
    at trimPrefix (D:\Billiard_APPS\backend\node_modules\router\index.js:342:13)
    at D:\Billiard_APPS\backend\node_modules\router\index.js:297:9
    at processParams (D:\Billiard_APPS\backend\node_modules\router\index.js:582:12)
    at next (D:\Billiard_APPS\backend\node_modules\router\index.js:291:5)
    at read (D:\Billiard_APPS\backend\node_modules\body-parser\lib\read.js:53:5)
    at urlencodedParser (D:\Billiard_APPS\backend\node_modules\body-parser\lib\types\urlencoded.js:57:5)
    at Layer.handleRequest (D:\Billiard_APPS\backend\node_modules\router\lib\layer.js:152:17)
!!! EXCEPTION CAUGHT !!! [GET] /cafe/tables
Status: 404, Message: Cannot GET /cafe/tables
NotFoundException: Cannot GET /cafe/tables
    at callback (D:\Billiard_APPS\backend\node_modules\@nestjs\core\router\routes-resolver.js:77:19)
    at D:\Billiard_APPS\backend\node_modules\@nestjs\core\router\router-proxy.js:9:23
    at Layer.handleRequest (D:\Billiard_APPS\backend\node_modules\router\lib\layer.js:152:17)
    at trimPrefix (D:\Billiard_APPS\backend\node_modules\router\index.js:342:13)
    at D:\Billiard_APPS\backend\node_modules\router\index.js:297:9
    at processParams (D:\Billiard_APPS\backend\node_modules\router\index.js:582:12)
    at next (D:\Billiard_APPS\backend\node_modules\router\index.js:291:5)
    at read (D:\Billiard_APPS\backend\node_modules\body-parser\lib\read.js:53:5)
    at urlencodedParser (D:\Billiard_APPS\backend\node_modules\body-parser\lib\types\urlencoded.js:57:5)
    at Layer.handleRequest (D:\Billiard_APPS\backend\node_modules\router\lib\layer.js:152:17)
[31m[Nest] 1337928  - [39m22/03/2026, 03.40.17 [31m  ERROR[39m [38;5;3m[AllExceptionsFilter] [39m[31m[GET] /cafe/tables - Status: 404 - Error: Cannot GET /cafe/tables[39m
NotFoundException: Cannot GET /cafe/tables
    at callback (D:\Billiard_APPS\backend\node_modules\@nestjs\core\router\routes-resolver.js:77:19)
    at D:\Billiard_APPS\backend\node_modules\@nestjs\core\router\router-proxy.js:9:23
    at Layer.handleRequest (D:\Billiard_APPS\backend\node_modules\router\lib\layer.js:152:17)
    at trimPrefix (D:\Billiard_APPS\backend\node_modules\router\index.js:342:13)
    at D:\Billiard_APPS\backend\node_modules\router\index.js:297:9
    at processParams (D:\Billiard_APPS\backend\node_modules\router\index.js:582:12)
    at next (D:\Billiard_APPS\backend\node_modules\router\index.js:291:5)
    at read (D:\Billiard_APPS\backend\node_modules\body-parser\lib\read.js:53:5)
    at urlencodedParser (D:\Billiard_APPS\backend\node_modules\body-parser\lib\types\urlencoded.js:57:5)
    at Layer.handleRequest (D:\Billiard_APPS\backend\node_modules\router\lib\layer.js:152:17)
!!! EXCEPTION CAUGHT !!! [GET] /cafe/tables
Status: 404, Message: Cannot GET /cafe/tables
NotFoundException: Cannot GET /cafe/tables
    at callback (D:\Billiard_APPS\backend\node_modules\@nestjs\core\router\routes-resolver.js:77:19)
    at D:\Billiard_APPS\backend\node_modules\@nestjs\core\router\router-proxy.js:9:23
    at Layer.handleRequest (D:\Billiard_APPS\backend\node_modules\router\lib\layer.js:152:17)
    at trimPrefix (D:\Billiard_APPS\backend\node_modules\router\index.js:342:13)
    at D:\Billiard_APPS\backend\node_modules\router\index.js:297:9
    at processParams (D:\Billiard_APPS\backend\node_modules\router\index.js:582:12)
    at next (D:\Billiard_APPS\backend\node_modules\router\index.js:291:5)
    at read (D:\Billiard_APPS\backend\node_modules\body-parser\lib\read.js:53:5)
    at urlencodedParser (D:\Billiard_APPS\backend\node_modules\body-parser\lib\types\urlencoded.js:57:5)
    at Layer.handleRequest (D:\Billiard_APPS\backend\node_modules\router\lib\layer.js:152:17)
[31m[Nest] 1337928  - [39m22/03/2026, 03.40.28 [31m  ERROR[39m [38;5;3m[AllExceptionsFilter] [39m[31m[GET] /cafe/tables - Status: 404 - Error: Cannot GET /cafe/tables[39m
NotFoundException: Cannot GET /cafe/tables
    at callback (D:\Billiard_APPS\backend\node_modules\@nestjs\core\router\routes-resolver.js:77:19)
    at D:\Billiard_APPS\backend\node_modules\@nestjs\core\router\router-proxy.js:9:23
    at Layer.handleRequest (D:\Billiard_APPS\backend\node_modules\router\lib\layer.js:152:17)
    at trimPrefix (D:\Billiard_APPS\backend\node_modules\router\index.js:342:13)
    at D:\Billiard_APPS\backend\node_modules\router\index.js:297:9
    at processParams (D:\Billiard_APPS\backend\node_modules\router\index.js:582:12)
    at next (D:\Billiard_APPS\backend\node_modules\router\index.js:291:5)
    at read (D:\Billiard_APPS\backend\node_modules\body-parser\lib\read.js:53:5)
    at urlencodedParser (D:\Billiard_APPS\backend\node_modules\body-parser\lib\types\urlencoded.js:57:5)
    at Layer.handleRequest (D:\Billiard_APPS\backend\node_modules\router\lib\layer.js:152:17)
!!! EXCEPTION CAUGHT !!! [GET] /cafe/tables
Status: 404, Message: Cannot GET /cafe/tables
NotFoundException: Cannot GET /cafe/tables
    at callback (D:\Billiard_APPS\backend\node_modules\@nestjs\core\router\routes-resolver.js:77:19)
    at D:\Billiard_APPS\backend\node_modules\@nestjs\core\router\router-proxy.js:9:23
    at Layer.handleRequest (D:\Billiard_APPS\backend\node_modules\router\lib\layer.js:152:17)
    at trimPrefix (D:\Billiard_APPS\backend\node_modules\router\index.js:342:13)
    at D:\Billiard_APPS\backend\node_modules\router\index.js:297:9
    at processParams (D:\Billiard_APPS\backend\node_modules\router\index.js:582:12)
    at next (D:\Billiard_APPS\backend\node_modules\router\index.js:291:5)
    at read (D:\Billiard_APPS\backend\node_modules\body-parser\lib\read.js:53:5)
    at urlencodedParser (D:\Billiard_APPS\backend\node_modules\body-parser\lib\types\urlencoded.js:57:5)
    at Layer.handleRequest (D:\Billiard_APPS\backend\node_modules\router\lib\layer.js:152:17)
[31m[Nest] 1337928  - [39m22/03/2026, 03.40.45 [31m  ERROR[39m [38;5;3m[AllExceptionsFilter] [39m[31m[GET] /cafe/tables - Status: 404 - Error: Cannot GET /cafe/tables[39m
NotFoundException: Cannot GET /cafe/tables
    at callback (D:\Billiard_APPS\backend\node_modules\@nestjs\core\router\routes-resolver.js:77:19)
    at D:\Billiard_APPS\backend\node_modules\@nestjs\core\router\router-proxy.js:9:23
    at Layer.handleRequest (D:\Billiard_APPS\backend\node_modules\router\lib\layer.js:152:17)
    at trimPrefix (D:\Billiard_APPS\backend\node_modules\router\index.js:342:13)
    at D:\Billiard_APPS\backend\node_modules\router\index.js:297:9
    at processParams (D:\Billiard_APPS\backend\node_modules\router\index.js:582:12)
    at next (D:\Billiard_APPS\backend\node_modules\router\index.js:291:5)
    at read (D:\Billiard_APPS\backend\node_modules\body-parser\lib\read.js:53:5)
    at urlencodedParser (D:\Billiard_APPS\backend\node_modules\body-parser\lib\types\urlencoded.js:57:5)
    at Layer.handleRequest (D:\Billiard_APPS\backend\node_modules\router\lib\layer.js:152:17)

============================
Hi, looks like you are running TensorFlow.js in Node.js. To speed things up dramatically, install our node backend, visit https://github.com/tensorflow/tfjs-node for more details. 
============================
[31m[Nest] 1368856  - [39m22/03/2026, 05.17.35 [31m  ERROR[39m [38;5;3m[NestApplication] [39m[31mError: listen EADDRINUSE: address already in use 0.0.0.0:4000[39m[38;5;3m +1ms[39m
Error: listen EADDRINUSE: address already in use 0.0.0.0:4000
    at Server.setupListenHandle [as _listen2] (node:net:1937:16)
    at listenInCluster (node:net:1994:12)
    at node:net:2203:7
    at processTicksAndRejections (node:internal/process/task_queues:90:21) {
  code: 'EADDRINUSE',
  errno: -4091,
  syscall: 'listen',
  address: '0.0.0.0',
  port: 4000
}
[31m[Nest] 1368856  - [39m22/03/2026, 05.44.05 [31m  ERROR[39m [38;5;3m[Scheduler] [39mQueryFailedError: Connection terminated unexpectedly
    at PostgresQueryRunner.query [90m(D:\Billiard_APPS\backend\[39msrc\driver\postgres\PostgresQueryRunner.ts:325:19[90m)[39m
[90m    at processTicksAndRejections (node:internal/process/task_queues:105:5)[39m
    at SelectQueryBuilder.loadRawResults [90m(D:\Billiard_APPS\backend\[39msrc\query-builder\SelectQueryBuilder.ts:3868:25[90m)[39m
    at SelectQueryBuilder.executeEntitiesAndRawResults [90m(D:\Billiard_APPS\backend\[39msrc\query-builder\SelectQueryBuilder.ts:3614:26[90m)[39m
    at SelectQueryBuilder.getRawAndEntities [90m(D:\Billiard_APPS\backend\[39msrc\query-builder\SelectQueryBuilder.ts:1671:29[90m)[39m
    at SelectQueryBuilder.getMany [90m(D:\Billiard_APPS\backend\[39msrc\query-builder\SelectQueryBuilder.ts:1761:25[90m)[39m
    at BilliardService.handleCron [90m(D:\Billiard_APPS\backend\[39msrc\billiard\billiard.service.ts:1065:3[90m)[39m
    at CronJob.<anonymous> [90m(D:\Billiard_APPS\backend\[39mnode_modules\[4m@nestjs[24m\schedule\dist\schedule.explorer.js:119:17[90m)[39m {
  query: [32m'SELECT "Table"."id" AS "Table_id", "Table"."tableName" AS "Table_tableName", "Table"."category" AS "Table_category", "Table"."macAddress" AS "Table_macAddress", "Table"."status" AS "Table_status", "Table"."isLightOn" AS "Table_isLightOn", "Table"."relayPin" AS "Table_relayPin", "Table"."sessionType" AS "Table_sessionType", "Table"."startTime" AS "Table_startTime", "Table"."endTime" AS "Table_endTime", "Table"."remainingMinutes" AS "Table_remainingMinutes", "Table"."packageId" AS "Table_packageId", "Table"."activePackagePrice" AS "Table_activePackagePrice", "Table"."lastSessionData" AS "Table_lastSessionData", "Table"."isBooked" AS "Table_isBooked", "Table"."bookedByWaitingId" AS "Table_bookedByWaitingId", "Table"."bookedByName" AS "Table_bookedByName", "Table"."memberId" AS "Table_memberId", "Table"."createdAt" AS "Table_createdAt", "Table"."updatedAt" AS "Table_updatedAt", "Table"."deletedAt" AS "Table_deletedAt" FROM "tables" "Table" WHERE (((("Table"."status" = $1) AND ("Table"."sessionType" = $2))) OR ((("Table"."status" = $3) AND ("Table"."sessionType" = $4))))'[39m,
  parameters: [
    [32m'in_use'[39m,
    [32m'prepaid'[39m,
    [32m'warning'[39m,
    [32m'prepaid'[39m
  ],
  driverError: Error: Connection terminated unexpectedly
      at [90mD:\Billiard_APPS\backend\[39mnode_modules\[4mpg[24m\lib\client.js:624:17
  [90m    at processTicksAndRejections (node:internal/process/task_queues:105:5)[39m
      at PostgresQueryRunner.query [90m(D:\Billiard_APPS\backend\[39msrc\driver\postgres\PostgresQueryRunner.ts:254:25[90m)[39m
      at SelectQueryBuilder.loadRawResults [90m(D:\Billiard_APPS\backend\[39msrc\query-builder\SelectQueryBuilder.ts:3868:25[90m)[39m
      at SelectQueryBuilder.executeEntitiesAndRawResults [90m(D:\Billiard_APPS\backend\[39msrc\query-builder\SelectQueryBuilder.ts:3614:26[90m)[39m
      at SelectQueryBuilder.getRawAndEntities [90m(D:\Billiard_APPS\backend\[39msrc\query-builder\SelectQueryBuilder.ts:1671:29[90m)[39m
      at SelectQueryBuilder.getMany [90m(D:\Billiard_APPS\backend\[39msrc\query-builder\SelectQueryBuilder.ts:1761:25[90m)[39m
      at BilliardService.handleCron [90m(D:\Billiard_APPS\backend\[39msrc\billiard\billiard.service.ts:1065:3[90m)[39m
      at CronJob.<anonymous> [90m(D:\Billiard_APPS\backend\[39mnode_modules\[4m@nestjs[24m\schedule\dist\schedule.explorer.js:119:17[90m)[39m
}
[31m[Nest] 1368856  - [39m22/03/2026, 05.44.12 [31m  ERROR[39m [38;5;3m[Scheduler] [39mError: read ECONNRESET
[90m    at TCP.onStreamRead (node:internal/stream_base_commons:216:20)[39m
[90m    at TCP.callbackTrampoline (node:internal/async_hooks:130:17)[39m {
  errno: [33m-4077[39m,
  code: [32m'ECONNRESET'[39m,
  syscall: [32m'read'[39m
}
[31m[Nest] 1368856  - [39m22/03/2026, 05.44.21 [31m  ERROR[39m [38;5;3m[Scheduler] [39mError: read ECONNRESET
[90m    at TCP.onStreamRead (node:internal/stream_base_commons:216:20)[39m
[90m    at TCP.callbackTrampoline (node:internal/async_hooks:130:17)[39m {
  errno: [33m-4077[39m,
  code: [32m'ECONNRESET'[39m,
  syscall: [32m'read'[39m
}
[31m[Nest] 1368856  - [39m22/03/2026, 05.44.31 [31m  ERROR[39m [38;5;3m[Scheduler] [39merror: sistem database dalam mode pemulihan
    at parseErrorMessage [90m(D:\Billiard_APPS\backend\[39mnode_modules\[4mpg-protocol[24m\src\parser.ts:394:9[90m)[39m
    at Parser.handlePacket [90m(D:\Billiard_APPS\backend\[39mnode_modules\[4mpg-protocol[24m\src\parser.ts:212:19[90m)[39m
    at Parser.parse [90m(D:\Billiard_APPS\backend\[39mnode_modules\[4mpg-protocol[24m\src\parser.ts:105:30[90m)[39m
    at Socket.<anonymous> [90m(D:\Billiard_APPS\backend\[39mnode_modules\[4mpg-protocol[24m\src\index.ts:7:48[90m)[39m
[90m    at Socket.emit (node:events:524:28)[39m
[90m    at addChunk (node:internal/streams/readable:561:12)[39m
[90m    at readableAddChunkPushByteMode (node:internal/streams/readable:512:3)[39m
[90m    at Socket.Readable.push (node:internal/streams/readable:392:5)[39m
[90m    at TCP.onStreamRead (node:internal/stream_base_commons:189:23)[39m
[90m    at TCP.callbackTrampoline (node:internal/async_hooks:130:17)[39m {
  length: [33m107[39m,
  severity: [32m'FATAL'[39m,
  code: [32m'57P03'[39m,
  detail: [90mundefined[39m,
  hint: [90mundefined[39m,
  position: [90mundefined[39m,
  internalPosition: [90mundefined[39m,
  internalQuery: [90mundefined[39m,
  where: [90mundefined[39m,
  schema: [90mundefined[39m,
  table: [90mundefined[39m,
  column: [90mundefined[39m,
  dataType: [90mundefined[39m,
  constraint: [90mundefined[39m,
  file: [32m'backend_startup.c'[39m,
  line: [32m'338'[39m,
  routine: [32m'BackendInitialize'[39m
}
[31m[Nest] 1368856  - [39m22/03/2026, 05.44.41 [31m  ERROR[39m [38;5;3m[Scheduler] [39mError: read ECONNRESET
[90m    at TCP.onStreamRead (node:internal/stream_base_commons:216:20)[39m
[90m    at TCP.callbackTrampoline (node:internal/async_hooks:130:17)[39m {
  errno: [33m-4077[39m,
  code: [32m'ECONNRESET'[39m,
  syscall: [32m'read'[39m
}
[31m[Nest] 1368856  - [39m22/03/2026, 06.00.00 [31m  ERROR[39m [38;5;3m[AIService] [39m[31mFailed to save AI state: Cannot find any save handlers for URL 'file://D:\Billiard_APPS\backend\storage\ai\dqn_model'[39m
[31m[Nest] 1368856  - [39m22/03/2026, 07.00.00 [31m  ERROR[39m [38;5;3m[AIService] [39m[31mFailed to save AI state: Cannot find any save handlers for URL 'file://D:\Billiard_APPS\backend\storage\ai\dqn_model'[39m
[31m[Nest] 1368856  - [39m22/03/2026, 07.00.00 [31m  ERROR[39m [38;5;3m[AIService] [39m[31mLSTM Prediction failed, using dynamic metrics fallback[39m
[31m[Nest] 1368856  - [39m22/03/2026, 07.00.00 [31m  ERROR[39m [38;5;3m[AIService] [39mError: Insufficient window sequences
    at AIService.runLSTMPrediction [90m(D:\Billiard_APPS\backend\[39msrc\ai\ai.service.ts:907:35[90m)[39m
    at AIService.predictDailyTraffic [90m(D:\Billiard_APPS\backend\[39msrc\ai\ai.service.ts:829:37[90m)[39m
[90m    at processTicksAndRejections (node:internal/process/task_queues:105:5)[39m
    at AIService.generateDailyStrategyBrief [90m(D:\Billiard_APPS\backend\[39msrc\ai\ai.service.ts:1001:26[90m)[39m
    at CronJob.<anonymous> [90m(D:\Billiard_APPS\backend\[39mnode_modules\[4m@nestjs[24m\schedule\dist\schedule.explorer.js:119:17[90m)[39m

============================
Hi, looks like you are running TensorFlow.js in Node.js. To speed things up dramatically, install our node backend, visit https://github.com/tensorflow/tfjs-node for more details. 
============================

============================
Hi, looks like you are running TensorFlow.js in Node.js. To speed things up dramatically, install our node backend, visit https://github.com/tensorflow/tfjs-node for more details. 
============================

============================
Hi, looks like you are running TensorFlow.js in Node.js. To speed things up dramatically, install our node backend, visit https://github.com/tensorflow/tfjs-node for more details. 
============================
[31m[Nest] 29752  - [39m22/03/2026, 08.13.12 [31m  ERROR[39m [38;5;3m[NestApplication] [39m[31mError: listen EADDRINUSE: address already in use 0.0.0.0:4000[39m[38;5;3m +1ms[39m
Error: listen EADDRINUSE: address already in use 0.0.0.0:4000
    at Server.setupListenHandle [as _listen2] (node:net:1937:16)
    at listenInCluster (node:net:1994:12)
    at node:net:2203:7
    at processTicksAndRejections (node:internal/process/task_queues:90:21) {
  code: 'EADDRINUSE',
  errno: -4091,
  syscall: 'listen',
  address: '0.0.0.0',
  port: 4000
}
[31m[Nest] 29752  - [39m22/03/2026, 09.00.00 [31m  ERROR[39m [38;5;3m[AIService] [39m[31mFailed to save AI state: Cannot find any save handlers for URL 'file://D:\Billiard_APPS\backend\storage\ai\dqn_model'[39m
[31m[Nest] 29752  - [39m22/03/2026, 10.00.00 [31m  ERROR[39m [38;5;3m[AIService] [39m[31mFailed to save AI state: Cannot find any save handlers for URL 'file://D:\Billiard_APPS\backend\storage\ai\dqn_model'[39m

============================
Hi, looks like you are running TensorFlow.js in Node.js. To speed things up dramatically, install our node backend, visit https://github.com/tensorflow/tfjs-node for more details. 
============================
[31m[Nest] 134052  - [39m22/03/2026, 10.38.23 [31m  ERROR[39m [38;5;3m[NestApplication] [39m[31mError: listen EADDRINUSE: address already in use 0.0.0.0:4000[39m[38;5;3m +1ms[39m
Error: listen EADDRINUSE: address already in use 0.0.0.0:4000
    at Server.setupListenHandle [as _listen2] (node:net:1937:16)
    at listenInCluster (node:net:1994:12)
    at node:net:2203:7
    at processTicksAndRejections (node:internal/process/task_queues:90:21) {
  code: 'EADDRINUSE',
  errno: -4091,
  syscall: 'listen',
  address: '0.0.0.0',
  port: 4000
}

============================
Hi, looks like you are running TensorFlow.js in Node.js. To speed things up dramatically, install our node backend, visit https://github.com/tensorflow/tfjs-node for more details. 
============================
[31m[Nest] 131428  - [39m22/03/2026, 10.50.24 [31m  ERROR[39m [38;5;3m[NestApplication] [39m[31mError: listen EADDRINUSE: address already in use 0.0.0.0:4000[39m[38;5;3m +2ms[39m
Error: listen EADDRINUSE: address already in use 0.0.0.0:4000
    at Server.setupListenHandle [as _listen2] (node:net:1937:16)
    at listenInCluster (node:net:1994:12)
    at node:net:2203:7
    at processTicksAndRejections (node:internal/process/task_queues:90:21) {
  code: 'EADDRINUSE',
  errno: -4091,
  syscall: 'listen',
  address: '0.0.0.0',
  port: 4000
}
[31m[Nest] 131428  - [39m22/03/2026, 11.00.00 [31m  ERROR[39m [38;5;3m[AIService] [39m[31mFailed to save AI state: Cannot find any save handlers for URL 'file://D:\Billiard_APPS\backend\storage\ai\dqn_model'[39m

============================
Hi, looks like you are running TensorFlow.js in Node.js. To speed things up dramatically, install our node backend, visit https://github.com/tensorflow/tfjs-node for more details. 
============================
[31m[Nest] 150808  - [39m22/03/2026, 11.13.32 [31m  ERROR[39m [38;5;3m[NestApplication] [39m[31mError: listen EADDRINUSE: address already in use 0.0.0.0:4000[39m[38;5;3m +1ms[39m
Error: listen EADDRINUSE: address already in use 0.0.0.0:4000
    at Server.setupListenHandle [as _listen2] (node:net:1937:16)
    at listenInCluster (node:net:1994:12)
    at node:net:2203:7
    at processTicksAndRejections (node:internal/process/task_queues:90:21) {
  code: 'EADDRINUSE',
  errno: -4091,
  syscall: 'listen',
  address: '0.0.0.0',
  port: 4000
}

============================
Hi, looks like you are running TensorFlow.js in Node.js. To speed things up dramatically, install our node backend, visit https://github.com/tensorflow/tfjs-node for more details. 
============================
[31m[Nest] 155128  - [39m22/03/2026, 11.14.50 [31m  ERROR[39m [38;5;3m[NestApplication] [39m[31mError: listen EADDRINUSE: address already in use 0.0.0.0:4000[39m[38;5;3m +3ms[39m
Error: listen EADDRINUSE: address already in use 0.0.0.0:4000
    at Server.setupListenHandle [as _listen2] (node:net:1937:16)
    at listenInCluster (node:net:1994:12)
    at node:net:2203:7
    at processTicksAndRejections (node:internal/process/task_queues:90:21) {
  code: 'EADDRINUSE',
  errno: -4091,
  syscall: 'listen',
  address: '0.0.0.0',
  port: 4000
}

============================
Hi, looks like you are running TensorFlow.js in Node.js. To speed things up dramatically, install our node backend, visit https://github.com/tensorflow/tfjs-node for more details. 
============================
[31m[Nest] 165040  - [39m22/03/2026, 11.23.44 [31m  ERROR[39m [38;5;3m[NestApplication] [39m[31mError: listen EADDRINUSE: address already in use 0.0.0.0:4000[39m[38;5;3m +1ms[39m
Error: listen EADDRINUSE: address already in use 0.0.0.0:4000
    at Server.setupListenHandle [as _listen2] (node:net:1937:16)
    at listenInCluster (node:net:1994:12)
    at node:net:2203:7
    at processTicksAndRejections (node:internal/process/task_queues:90:21) {
  code: 'EADDRINUSE',
  errno: -4091,
  syscall: 'listen',
  address: '0.0.0.0',
  port: 4000
}
[31m[Nest] 165040  - [39m22/03/2026, 12.00.00 [31m  ERROR[39m [38;5;3m[AIService] [39m[31mFailed to save AI state: Cannot find any save handlers for URL 'file://D:\Billiard_APPS\backend\storage\ai\dqn_model'[39m

============================
Hi, looks like you are running TensorFlow.js in Node.js. To speed things up dramatically, install our node backend, visit https://github.com/tensorflow/tfjs-node for more details. 
============================
[31m[Nest] 196752  - [39m22/03/2026, 12.01.37 [31m  ERROR[39m [38;5;3m[NestApplication] [39m[31mError: listen EADDRINUSE: address already in use 0.0.0.0:4000[39m[38;5;3m +1ms[39m
Error: listen EADDRINUSE: address already in use 0.0.0.0:4000
    at Server.setupListenHandle [as _listen2] (node:net:1937:16)
    at listenInCluster (node:net:1994:12)
    at node:net:2203:7
    at processTicksAndRejections (node:internal/process/task_queues:90:21) {
  code: 'EADDRINUSE',
  errno: -4091,
  syscall: 'listen',
  address: '0.0.0.0',
  port: 4000
}

============================
Hi, looks like you are running TensorFlow.js in Node.js. To speed things up dramatically, install our node backend, visit https://github.com/tensorflow/tfjs-node for more details. 
============================

============================
Hi, looks like you are running TensorFlow.js in Node.js. To speed things up dramatically, install our node backend, visit https://github.com/tensorflow/tfjs-node for more details. 
============================

============================
Hi, looks like you are running TensorFlow.js in Node.js. To speed things up dramatically, install our node backend, visit https://github.com/tensorflow/tfjs-node for more details. 
============================

============================
Hi, looks like you are running TensorFlow.js in Node.js. To speed things up dramatically, install our node backend, visit https://github.com/tensorflow/tfjs-node for more details. 
============================

============================
Hi, looks like you are running TensorFlow.js in Node.js. To speed things up dramatically, install our node backend, visit https://github.com/tensorflow/tfjs-node for more details. 
============================
[31m[Nest] 63344  - [39m24/03/2026, 20.00.00 [31m  ERROR[39m [38;5;3m[AIService] [39m[31mFailed to save AI state: Cannot find any save handlers for URL 'file://D:\Billiard_APPS\backend\storage\ai\dqn_model'[39m

============================
Hi, looks like you are running TensorFlow.js in Node.js. To speed things up dramatically, install our node backend, visit https://github.com/tensorflow/tfjs-node for more details. 
============================
Closing open session in favor of incoming prekey bundle
